,incident_number,incident_date,subject_sex,subject_race,subject_age,type_of_force,lon,lat
0,UOF18-001,2018-01-05 00:00:00,M,W,40.0,Pulled by clothing,-89.0257,42.505
1,UOF18-002A,2018-01-07 00:00:00,M,W,53.0,"Restrained from walking out, handcuffed to bed",-89.0257,42.505
2,UOF18-002B,2018-01-07 00:00:00,M,W,53.0,"Restrained from walking out, handcuffed to bed",-89.0257,42.505
3,UOF18-003,2018-01-07 00:00:00,M,L,36.0,Force - Handcuffing,-89.0257,42.505
4,UOF18-004,2018-01-10 00:00:00,F,B,64.0,Stabilized to bed for medication,-89.0257,42.505
5,UOF18-005,2018-01-11 00:00:00,F,A,16.0,,-89.0257,42.505
6,UOF18-006,2018-01-15 00:00:00,M,W,23.0,"Forced Stabilazation on Ground, Forced handcuffing",-89.0257,42.505
7,UOF18-007,2018-01-22 00:00:00,M,B,10.0,Physically lowered to floor and held down,-89.0257,42.505
8,UOF18-008,2018-01-24 00:00:00,M,W,36.0,,-89.0257,42.505
9,UOF18-009A,2018-01-28 00:00:00,M,B,40.0,Escort Hold,-89.0257,42.505
10,UOF18-009B,2018-01-28 00:00:00,F,B,33.0,Escort Hold,-89.0257,42.505
11,UOF18-010A,2018-01-29 00:00:00,F,W,27.0,Forced Handcuffing,-89.0257,42.505
12,UOF18-010B,2018-01-29 00:00:00,F,W,27.0,Forced Handcuffing,-89.0257,42.505
13,UOF18-011,2018-01-27 00:00:00,M,W,25.0,Forced Handcuffing,-89.0257,42.505
14,UOF18-012A,2018-01-30 00:00:00,M,W,56.0,Forced Handcuffing,-89.0257,42.505
15,UOF18-012B,2018-01-30 00:00:00,M,W,56.0,Forced Handcuffing,-89.0257,42.505
16,UOF18-013A,2018-02-02 00:00:00,M,W,41.0,"Stabilization, Forced Escort, Forced Handcuffing",-89.0257,42.505
17,UOF18-013B,2018-02-02 00:00:00,M,W,41.0,"Stabilization, Forced Escort, Forced Handcuffing",-89.0257,42.505
18,UOF18-013C,2018-02-02 00:00:00,M,W,41.0,"Stabilization, Forced Escort, Forced Handcuffing",-89.0257,42.505
19,UOF18-014A,2018-02-03 00:00:00,F,B,27.0,,-89.0257,42.505
20,UOF18-014B,2018-02-03 00:00:00,F,B,27.0,,-89.0257,42.505
21,UOF18-014C,2018-02-03 00:00:00,F,B,27.0,,-89.0257,42.505
22,UOF18-015A,2018-02-04 00:00:00,F,W,27.0,,-89.0257,42.505
23,UOF18-015B,2018-02-04 00:00:00,F,W,27.0,,-89.0257,42.505
24,UOF18-016A,2018-02-07 00:00:00,M,W,27.0,,-89.0257,42.505
25,UOF18-016B,2018-02-07 00:00:00,M,W,27.0,,-89.0257,42.505
26,UOF18-016C,2018-02-07 00:00:00,M,W,27.0,,-89.0257,42.505
27,UOF18-019A,2018-02-14 00:00:00,M,W,14.0,"Forced Handcuffing, Forced Escort",-89.0257,42.505
28,UOF18-019B,2018-02-14 00:00:00,M,W,14.0,"Forced Handcuffing, Forced Escort",-89.0257,42.505
29,UOF18-020,2018-02-15 00:00:00,,,,Euthanized Deer,-89.0257,42.505
30,UOF18-021A,2018-02-15 00:00:00,F,B,26.0,"Stabilization, Forced Handcuffing",-89.0257,42.505
31,UOF18-021B,2018-02-15 00:00:00,F,B,26.0,"Stabilization, Forced Handcuffing",-89.0257,42.505
32,UOF18-021C,2018-02-15 00:00:00,F,B,26.0,"Stabilization, Forced Handcuffing",-89.0257,42.505
33,UOF18-021D,2018-02-15 00:00:00,F,B,26.0,"Stabilization, Forced Handcuffing",-89.0257,42.505
34,UOF18-022A,2018-02-16 00:00:00,M,W,28.0,Forced Handcuffing,-89.0257,42.505
35,UOF18-022B,2018-02-16 00:00:00,M,W,28.0,Forced Handcuffing,-89.0257,42.505
36,UOF18-022C,2018-02-16 00:00:00,M,W,28.0,Forced Handcuffing,-89.0257,42.505
37,UOF18-023A,2018-02-17 00:00:00,M,W,26.0,,-89.0257,42.505
38,UOF18-023B,2018-02-17 00:00:00,M,W,26.0,,-89.0257,42.505
39,UOF18-023C,2018-02-17 00:00:00,M,W,26.0,,-89.0257,42.505
40,UOF18-024A,2018-02-18 00:00:00,M,W,32.0,,-89.0257,42.505
41,UOF18-024B,2018-02-18 00:00:00,M,W,32.0,Escort hold,-89.0257,42.505
42,UOF18-025A,2018-02-18 00:00:00,M,W,29.0,"Escort Hold, Stabilization",-89.0257,42.505
43,UOF18-025B,2018-02-18 00:00:00,M,W,29.0,"Escort Hold, Stabilization",-89.0257,42.505
44,UOF18-025C,2018-02-18 00:00:00,M,W,29.0,"Escort Hold, Stabilization",-89.0257,42.505
45,UOF18-027,2018-02-21 00:00:00,M,W,40.0,Pushed to ground,-89.0257,42.505
46,UOF18-028A,2018-02-27 00:00:00,M,B,36.0,"Stabilization, Forced Handcuffing, Had to carry Subject",-89.0257,42.505
47,UOF18-028B,2018-02-27 00:00:00,M,B,36.0,"Stabilization, Forced Handcuffing, Had to carry Subject",-89.0257,42.505
48,UOF18-028C,2018-02-27 00:00:00,M,B,36.0,"Stabilization, Forced Handcuffing, Had to carry Subject",-89.0257,42.505
49,UOF18-028D,2018-02-27 00:00:00,M,B,36.0,"Stabilization, Forced Handcuffing, Had to carry Subject",-89.0257,42.505
50,UOF18-029,2018-02-28 00:00:00,M,L,11.0,Scholl Security Decentralized,-89.0257,42.505
51,UOF18-030A,2018-02-28 00:00:00,M,W,14.0,"Forced Cuffing, Carried to squad",-89.0257,42.505
52,UOF18-030B,2018-02-28 00:00:00,M,W,14.0,"Forced Cuffing, Carried to squad",-89.0257,42.505
53,UOF18-031,2018-02-21 00:00:00,M,W,36.0,Stablization against vehicle,-89.0257,42.505
54,UOF18-032,2018-03-03 00:00:00,,,,,-89.0257,42.505
55,UOF18-033A,2018-03-06 00:00:00,F,W,20.0,Forced Handcuffing,-89.0257,42.505
56,UOF18-033B,2018-03-06 00:00:00,F,W,20.0,Forced Handcuffing,-89.0257,42.505
57,UOF18-034A,2018-03-07 00:00:00,F,W,17.0,"Escort Hold, forced handcuffing, stabilization",-89.0257,42.505
58,UOF18-034B,2018-03-07 00:00:00,F,W,17.0,"Escort Hold, forced handcuffing, stabilization",-89.0257,42.505
59,UOF18-034C,2018-03-07 00:00:00,F,W,17.0,Stabilization,-89.0257,42.505
60,UOF18-035A,2018-03-10 00:00:00,M,B,20.0,Compliance Hold,-89.0257,42.505
61,UOF18-035B,2018-03-10 00:00:00,M,B,20.0,Compliance Hold,-89.0257,42.505
62,UOF18-036A,2018-03-11 00:00:00,M,W,15.0,Escort Hold,-89.0257,42.505
63,UOF18-036B,2018-03-11 00:00:00,M,W,15.0,Escort Hold,-89.0257,42.505
64,UOF18-036C,2018-03-11 00:00:00,M,W,15.0,Escort Hold,-89.0257,42.505
65,UOF18-036D,2018-03-11 00:00:00,M,W,15.0,Escort Hold,-89.0257,42.505
66,UOF18-037,2018-03-11 00:00:00,M,W,45.0,"Escort Hold, Stabilization",-89.0257,42.505
67,UOF18-038,2018-03-12 00:00:00,M,B,10.0,"Push, school trained NVIC stabilization",-89.0257,42.505
68,UOF18-039A,2018-03-17 00:00:00,m,w,9.0,Stabilization,-89.0257,42.505
69,UOF18-039B,2018-03-17 00:00:00,m,w,9.0,Stabilization,-89.0257,42.505
70,UOF18-039C,2018-03-17 00:00:00,m,w,9.0,Stabilization,-89.0257,42.505
71,UOF18-040A,2018-03-17 00:00:00,m,b,27.0,Stabilization,-89.0257,42.505
72,UOF18-040B,2018-03-17 00:00:00,m,b,27.0,Stabilization,-89.0257,42.505
73,UOF18-040C,2018-03-17 00:00:00,m,b,27.0,Stabilization,-89.0257,42.505
74,UOF18-041A,2018-03-20 00:00:00,M,W,25.0,Stabilization,-89.0257,42.505
75,UOF18-041B,2018-03-20 00:00:00,M,W,25.0,Stabilization,-89.0257,42.505
76,UOF18-041C,2018-03-20 00:00:00,M,W,25.0,Stabilization,-89.0257,42.505
77,UOF18-041D,2018-03-20 00:00:00,M,W,25.0,Stabilization,-89.0257,42.505
78,UOF18-041E,2018-03-20 00:00:00,M,W,25.0,Stabilization,-89.0257,42.505
79,UOF18-042A,2018-03-22 00:00:00,M,W,29.0,,-89.0257,42.505
80,UOF18-042B,2018-03-22 00:00:00,M,W,29.0,Compliance Hold,-89.0257,42.505
81,UOF18-043A,2018-03-25 00:00:00,M,W,42.0,Stabilization,-89.0257,42.505
82,UOF18-043B,2018-03-25 00:00:00,M,W,42.0,Stabilization,-89.0257,42.505
83,UOF18-44,2018-03-29 00:00:00,m,w,,,-89.0257,42.505
84,UOF17-001,2017-01-04 00:00:00,F,W,24.0,Passive Countermeasures,-89.0257,42.505
85,UOF17-002,2017-02-18 00:00:00,F,B,19.0,,-89.0257,42.505
86,UOF17-003,2017-02-17 00:00:00,F,W,14.0,Passive Counter Measure - modified hug yourself technique,-89.0257,42.505
87,UOF17-004,2017-02-21 00:00:00,M,B,13.0,Passive Counter Measure - Lower Your Center,-89.0257,42.505
88,UOF17-005,2017-02-16 00:00:00,M,W,34.0,Lt. Kaltenbrun asigned,-89.0257,42.505
89,UOF17-006,2017-03-04 00:00:00,F,B,19.0,,-89.0257,42.505
90,UOF17-007,2017-03-09 00:00:00,F,W,25.0,passive countermeasure/fell to ground,-89.0257,42.505
91,UOF17-008A,2017-03-11 00:00:00,M,W,73.0,,-89.0257,42.505
92,UOF17-008B,2017-03-11 00:00:00,M,W,73.0,,-89.0257,42.505
93,UOF17-009,2017-03-13 00:00:00,F,W,15.0,,-89.0257,42.505
94,UOF17-010,2017-04-20 00:00:00,M,W,26.0,,-89.0257,42.505
95,UOF17-011,2017-05-03 00:00:00,M,B,,,-89.0257,42.505
96,UOF17-012A,2017-05-23 00:00:00,M,B,33.0,,-89.0257,42.505
97,UOF17-012B,2017-05-23 00:00:00,M,B,33.0,,-89.0257,42.505
98,UOF17-013,2017-05-28 00:00:00,M,W,34.0,,-89.0257,42.505
99,UOF17-014A,2017-06-06 00:00:00,M,B,38.0,,-89.0257,42.505
100,UOF17-014B,2017-06-06 00:00:00,M,B,38.0,,-89.0257,42.505
101,UOF17-014C,2017-06-06 00:00:00,M,B,38.0,,-89.0257,42.505
102,UOF17-015a,2017-06-08 00:00:00,M,W,24.0,,-89.0257,42.505
103,UOF17-015b,2017-06-08 00:00:00,M,W,24.0,,-89.0257,42.505
104,UOF17-016A,2017-06-20 00:00:00,F,B,16.0,,-89.0257,42.505
105,UOF17-016B,2017-06-20 00:00:00,F,B,17.0,,-89.0257,42.505
106,UOF17-017,2017-06-24 00:00:00,F,W,67.0,Pushed away and fell to the ground,-89.0257,42.505
107,UOF17-018,2017-07-13 00:00:00,F,W,33.0,,-89.0257,42.505
108,UOF17-019,2017-07-25 00:00:00,F,W,46.0,,-89.0257,42.505
109,UOF17-020,2017-08-11 00:00:00,F,W,40.0,,-89.0257,42.505
110,UOF17-021,2017-08-13 00:00:00,,,,,-89.0257,42.505
111,UOF17-022,2017-08-18 00:00:00,F,W,43.0,,-89.0257,42.505
112,UOF17-023,2017-08-18 00:00:00,M,B,18.0,Push,-89.0257,42.505
113,UOF17-024A,2017-08-24 00:00:00,M,W,36.0,,-89.0257,42.505
114,UOF17-024B,2017-08-24 00:00:00,M,W,36.0,,-89.0257,42.505
115,UOF17-025,2017-08-27 00:00:00,M,B,26.0,,-89.0257,42.505
116,UOF17-026,2017-08-29 00:00:00,,,,Handgun,-89.0257,42.505
117,UOF17-027,2017-09-18 00:00:00,,,,Rifle,-89.0257,42.505
118,UOF17-028,2017-09-29 00:00:00,M,W,14.0,,-89.0257,42.505
119,UOF17-029,2017-09-03 00:00:00,,,,,-89.0257,42.505
120,UOF17-030,2017-10-15 00:00:00,F,B,25.0,,-89.0257,42.505
121,UOF17-031,2017-10-14 00:00:00,M,W,44.0,,-89.0257,42.505
122,UOF17-032A,2017-10-19 00:00:00,M,B,39.0,Stabilization,-89.0257,42.505
123,UOF17-032B,2017-10-19 00:00:00,M,B,39.0,Stabilization,-89.0257,42.505
124,UOF17-033,2017-10-19 00:00:00,,,,,-89.0257,42.505
125,UOF17-034A,2017-10-23 00:00:00,M,B,26.0,,-89.0257,42.505
126,UOF17-034b,2017-10-23 00:00:00,M,B,26.0,,-89.0257,42.505
127,UOF17-035,2017-10-31 00:00:00,F,B,15.0,,-89.0257,42.505
128,UOF17-036A,2017-11-07 00:00:00,F,B,15.0,Stabilization,-89.0257,42.505
129,UOF17-036B,2017-11-07 00:00:00,F,B,15.0,Stabilization,-89.0257,42.505
130,UOF17-036C,2017-11-07 00:00:00,F,B,15.0,Stabilization,-89.0257,42.505
131,UOF17-036D,2017-11-07 00:00:00,F,B,15.0,Stabilization,-89.0257,42.505
132,UOF17-037A,2017-11-04 00:00:00,M,W,28.0,Stablization,-89.0257,42.505
133,UOF17-037B,2017-11-04 00:00:00,M,W,28.0,Stablization,-89.0257,42.505
134,UOF17-038,2017-11-14 00:00:00,,,,,-89.0257,42.505
135,UOF17-039,2017-11-13 00:00:00,M,B,22.0,,-89.0257,42.505
136,UOF17-040A,2017-11-19 00:00:00,F,W,18.0,Forced Compliance Holds,-89.0257,42.505
137,UOF17-040B,2017-11-19 00:00:00,F,W,18.0,Forced Compliance Holds,-89.0257,42.505
138,UOF17-040C,2017-11-19 00:00:00,F,W,18.0,Forced Compliance Holds,-89.0257,42.505
139,UOF17-041,2017-11-23 00:00:00,M,B,30.0,Wall Stabilization / stun,-89.0257,42.505
140,UOF17-042A,2017-11-24 00:00:00,F,B,28.0,Forced Blood Draw,-89.0257,42.505
141,UOF17-042B,2017-11-24 00:00:00,F,B,28.0,Forced Blood Draw,-89.0257,42.505
142,UOF17-042C,2017-11-24 00:00:00,F,B,28.0,Forced Blood Draw,-89.0257,42.505
143,UOF17-042D,2017-11-24 00:00:00,F,B,28.0,Forced Blood Draw,-89.0257,42.505
144,UOF17-042E,2017-11-24 00:00:00,F,B,28.0,Forced Blood Draw,-89.0257,42.505
145,UOF17-043A,2017-11-25 00:00:00,M,B,41.0,"Held down, handcuffed, for medical treatment",-89.0257,42.505
146,UOF17-043B,2017-11-25 00:00:00,M,B,41.0,"Held down, handcuffed, for medical treatment",-89.0257,42.505
147,UOF17-043C,2017-11-25 00:00:00,M,B,41.0,"Held down, handcuffed, for medical treatment",-89.0257,42.505
148,UOF17-044,2017-11-26 00:00:00,M,B,44.0,"Push, Forced Handcuffing",-89.0257,42.505
149,UOF17-045A,2017-12-01 00:00:00,M,W,21.0,Forced handcuffing,-89.0257,42.505
150,UOF17-045B,2017-12-01 00:00:00,M,W,21.0,Forced handcuffing,-89.0257,42.505
151,UOF17-045C,2017-12-01 00:00:00,M,W,21.0,Forced handcuffing,-89.0257,42.505
152,UOF17-045D,2017-12-01 00:00:00,M,W,21.0,Forced handcuffing,-89.0257,42.505
153,UOF17-046A,2017-12-10 00:00:00,M,B,24.0,Stabilization,-89.0257,42.505
154,UOF17-046B,2017-12-10 00:00:00,M,B,24.0,Stabilization,-89.0257,42.505
155,UOF17-046C,2017-12-10 00:00:00,M,B,24.0,Stabilization,-89.0257,42.505
156,UOF17-046D,2017-12-10 00:00:00,M,B,24.0,Stabilization,-89.0257,42.505
157,UOF17-047,2017-12-14 00:00:00,M,W,16.0,,-89.0257,42.505
158,UOF17-048,2017-12-15 00:00:00,M,B,20.0,,-89.0257,42.505
159,UOF17-049A,2017-12-30 00:00:00,M,W,27.0,"Forced Stablization, Forced Handcuffing",-89.0257,42.505
160,UOF17-049B,2017-12-30 00:00:00,M,W,27.0,"Forced Stablization, Forced Handcuffing",-89.0257,42.505
161,UOF17-049C,2017-12-30 00:00:00,M,W,27.0,"Forced Stablization, Forced Handcuffing",-89.0257,42.505
162,UOF17-049D,2017-12-30 00:00:00,M,W,27.0,"Forced Stablization, Forced Handcuffing",-89.0257,42.505
163,UOF17-050A,2017-12-28 00:00:00,M,W,27.0,Wall Stabilization,-89.0257,42.505
164,UOF17-050B,2017-12-28 00:00:00,M,W,27.0,Wall Stabilization,-89.0257,42.505
165,UOF17-051A,2017-12-25 00:00:00,M,H,32.0,,-89.0257,42.505
166,UOF17-051B,2017-12-25 00:00:00,M,H,32.0,,-89.0257,42.505
167,UOF17-052,2017-12-26 00:00:00,M,W,43.0,Physically Stablized until additional units arrived,-89.0257,42.505
168,UOF19-001A,2019-01-06 00:00:00,M,W,26.0,stabilization,-89.0257,42.505
169,UOF19-001B,2019-01-06 00:00:00,M,W,26.0,stabilization,-89.0257,42.505
170,UOF19-002,2019-01-06 00:00:00,M,W,26.0,stabilization,-89.0257,42.505
171,UOF19-003,2019-01-08 00:00:00,M,W,23.0,stabilization,-89.0257,42.505
172,UOF19-004,2019-01-10 00:00:00,M,B,29.0,modified passive countermeasures,-89.0257,42.505
173,UOF19-005,2019-01-07 00:00:00,F,B,21.0,stabilization,-89.0257,42.505
174,UOF19-006A,2019-01-11 00:00:00,M,B,40.0,stabilization,-89.0257,42.505
175,UOF19-006B,2019-01-11 00:00:00,M,B,40.0,stabilization,-89.0257,42.505
176,UOF19-007A,2019-01-12 00:00:00,F,W,16.0,stabilization,-89.0257,42.505
177,UOF19-007B,2019-01-12 00:00:00,F,W,16.0,stabilization,-89.0257,42.505
178,UOF19-008,2019-01-12 00:00:00,M,B,28.0,Stabilization,-89.0257,42.505
179,UOF19-009A,2019-01-15 00:00:00,M,W,35.0,,-89.0257,42.505
180,UOF19-009B,2019-01-15 00:00:00,M,W,35.0,,-89.0257,42.505
181,UOF19-010A,2019-01-15 00:00:00,M,W,35.0,stabiliization in hospital bed,-89.0257,42.505
182,UOF19-010B,2019-01-15 00:00:00,M,W,35.0,stabiliization in hospital b ed,-89.0257,42.505
183,UOF19-010C,2019-01-15 00:00:00,M,W,35.0,stabiliization in hospital b ed,-89.0257,42.505
184,UOF19-011A,2019-02-05 00:00:00,M,B,13.0,"Taken to floor in cafeteria, stabilization",-89.0257,42.505
185,UOF19-011B,2019-02-05 00:00:00,M,B,13.0,"Taken to floor in cafeteria, stabilization",-89.0257,42.505
186,UOF19-012,2019-02-02 00:00:00,M,W,39.0,stabilization,-89.0257,42.505
187,UOF19-013,2019-02-03 00:00:00,F,W,27.0,Passive countermeasures,-89.0257,42.505
188,UOF19-014A,2019-02-13 00:00:00,M,B,21.0,Stabilization,-89.0257,42.505
189,UOF19-014B,2019-02-13 00:00:00,M,B,21.0,Stabilization,-89.0257,42.505
190,UOF19-015A,2019-01-16 00:00:00,W,M,39.0,Stabilization against car,-89.0257,42.505
191,UOF19-015B,2019-01-16 00:00:00,W,M,39.0,Stabilization against car,-89.0257,42.505
192,UOF19-016A,2019-02-20 00:00:00,F,W,16.0,stabilization,-89.0257,42.505
193,UOF19-016B,2019-02-20 00:00:00,F,W,16.0,stabilization,-89.0257,42.505
194,UOF19-017A,2019-02-25 00:00:00,M,B,21.0,,-89.0257,42.505
195,UOF19-017B,2019-02-25 00:00:00,M,B,21.0,,-89.0257,42.505
196,UOF19-018,2019-02-20 00:00:00,F,W,16.0,stabilization on hospital bed,-89.0257,42.505
197,UOF19-019,2019-02-11 00:00:00,F,B,10.0,Modified decentralization/stabilization,-89.0257,42.505
198,UOF19-020,2019-02-02 00:00:00,M,B,30.0,Stabilization,-89.0257,42.505
199,UOF19-021A,2019-02-16 00:00:00,M,W,39.0,stabilization,-89.0257,42.505
200,UOF19-021B,2019-02-16 00:00:00,M,W,39.0,stabilization,-89.0257,42.505
201,UOF19-021C,2019-02-16 00:00:00,M,W,39.0,stabilization,-89.0257,42.505
202,UOF19-022A,2019-03-06 00:00:00,M,W,15.0,stabilization,-89.0257,42.505
203,UOF19-022B,2019-03-06 00:00:00,M,W,15.0,stabilization,-89.0257,42.505
204,UOF19-023,2019-03-09 00:00:00,F,B,23.0,stabilization,-89.0257,42.505
205,UOF19-024,2019-03-17 00:00:00,F,W,47.0,stabilization,-89.0257,42.505
206,UOF19-025,2019-03-17 00:00:00,M,B,23.0,stabilization,-89.0257,42.505
207,UOF19-026,2019-03-24 00:00:00,M,W,38.0,tackled,-89.0257,42.505
208,UOF19-027A,2019-03-26 00:00:00,M,B,25.0,,-89.0257,42.505
209,UOF19-027B,2019-03-26 00:00:00,M,B,25.0,,-89.0257,42.505
210,UOF19-028A,2019-03-28 00:00:00,M,B,40.0,stabilization of legs,-89.0257,42.505
211,UOF19-028B,2019-03-28 00:00:00,M,B,40.0,stabilization of legs,-89.0257,42.505
212,UOF19-028C,2019-03-28 00:00:00,M,B,40.0,stabillization of shoulders/arms,-89.0257,42.505
213,UOF19-029A,2019-03-21 00:00:00,F,W,31.0,stabilization,-89.0257,42.505
214,UOF19-029B,2019-03-21 00:00:00,F,W,31.0,stabilization,-89.0257,42.505
215,UOF19-030,2019-03-25 00:00:00,M,B,14.0,stabilization,-89.0257,42.505
216,UOF19-030,2019-04-10 00:00:00,M,B,13.0,,-89.0257,42.505
217,UOF19-031A,2019-04-11 00:00:00,F,B,28.0,overcome resistance to handcuff,-89.0257,42.505
218,UOF19-031B,2019-04-11 00:00:00,F,B,28.0,overcome resistance to handcuff,-89.0257,42.505
219,UOF19-032A,2019-04-10 00:00:00,M,W,31.0,stabilization,-89.0257,42.505
220,UOF19-032B,2019-04-10 00:00:00,M,W,31.0,stabilization,-89.0257,42.505
221,UOF19-033A,2019-04-18 00:00:00,M,B,17.0,,-89.0257,42.505
222,UOF19-033B,2019-04-18 00:00:00,M,B,17.0,,-89.0257,42.505
223,UOF19-033C,2019-04-18 00:00:00,M,B,17.0,stabilization,-89.0257,42.505
224,UOF19-034A,2019-04-24 00:00:00,M,B,23.0,,-89.0257,42.505
225,UOF19-034B,2019-04-24 00:00:00,M,B,23.0,,-89.0257,42.505
226,UOF19-035A,2019-04-27 00:00:00,F,B,30.0,stabilization,-89.0257,42.505
227,UOF19-035B,2019-04-27 00:00:00,F,B,30.0,stabilization,-89.0257,42.505
228,UOF19-036A,2019-04-28 00:00:00,M,H,15.0,,-89.0257,42.505
229,UOF19-036B,2019-04-28 00:00:00,M,H,15.0,stabilization,-89.0257,42.505
230,UOF19-036C,2019-04-28 00:00:00,M,H,15.0,stabilization,-89.0257,42.505
231,UOF19-036D,2019-04-28 00:00:00,M,H,15.0,,-89.0257,42.505
232,UOF19-037A,2019-04-29 00:00:00,M,H,33.0,,-89.0257,42.505
233,UOF19-037B,2019-04-29 00:00:00,M,H,33.0,,-89.0257,42.505
234,UOF19-037C,2019-04-29 00:00:00,M,H,33.0,stabilization,-89.0257,42.505
235,UOF19-037D,2019-04-29 00:00:00,M,H,33.0,,-89.0257,42.505
236,UOF19-037E,2019-04-29 00:00:00,M,H,33.0,,-89.0257,42.505
237,UOF19-038A,2019-03-30 00:00:00,F,W,55.0,,-89.0257,42.505
238,UOF19-038B,2019-03-30 00:00:00,F,W,55.0,Passive countermeasure,-89.0257,42.505
239,UOF19-039A,2019-05-04 00:00:00,m,b,31.0,Stabilization,-89.0257,42.505
240,UOF19-039B,2019-05-04 00:00:00,m,b,31.0,Compliance hold,-89.0257,42.505
241,UOF19-040A,2019-05-05 00:00:00,f,b,27.0,,-89.0257,42.505
242,UOF19-040B,2019-05-05 00:00:00,f,b,27.0,escort hold,-89.0257,42.505
243,UOF19-041A,2019-05-04 00:00:00,m,w,63.0,passive countermeasure,-89.0257,42.505
244,UOF19-041B,2019-05-04 00:00:00,m,w,63.0,passive countermeasure,-89.0257,42.505
245,UOF19-041C,2019-05-04 00:00:00,m,w,63.0,stabilization,-89.0257,42.505
246,UOF19-042,2019-08-06 00:00:00,M,B,29.0,tackled,-89.0257,42.505
247,UOF19-043,2019-05-06 00:00:00,F,B,21.0,Passive countermeasure.,-89.0257,42.505
248,UOF19-044,2019-04-23 00:00:00,M,W,,,-89.0257,42.505
249,UOF19-045,2019-05-17 00:00:00,F,W,26.0,stabilization,-89.0257,42.505
250,UOF19-046A,2019-05-17 00:00:00,M,W,23.0,Passive Resistence,-89.0257,42.505
251,UOF19-046B,2019-05-17 00:00:00,M,W,23.0,Passive Resistence,-89.0257,42.505
252,UOF19-047A,2019-05-17 00:00:00,F,W,26.0,Passive Countermeasure,-89.0257,42.505
253,UOF19-047b,2019-05-17 00:00:00,F,W,26.0,,-89.0257,42.505
254,UOF19-048,2019-05-19 00:00:00,F,W,31.0,Passive countermeasure,-89.0257,42.505
255,UOF19-049,2019-05-19 00:00:00,M,B,30.0,,-89.0257,42.505
256,UOF19-050,2019-05-23 00:00:00,M,W,21.0,Compliance hold pulled subject from vehicle.,-89.0257,42.505
257,UOF19-051,2019-05-25 00:00:00,M,B,65.0,,-89.0257,42.505
258,UOF19-052A,2019-05-29 00:00:00,M,W,17.0,,-89.0257,42.505
259,UOF19-052B,2019-05-29 00:00:00,M,W,17.0,Overcome resistance to handcuff,-89.0257,42.505
260,UOF19-052C,2019-05-29 00:00:00,M,W,17.0,,-89.0257,42.505
261,UOF19-053A,2019-06-03 00:00:00,F,W,34.0,,-89.0257,42.505
262,UOF19-053B,2019-06-03 00:00:00,F,W,34.0,stabilization,-89.0257,42.505
263,UOF19-054A,2019-06-04 00:00:00,F,W,34.0,,-89.0257,42.505
264,UOF19-054B,2019-06-03 00:00:00,F,W,34.0,stabilization,-89.0257,42.505
265,UOF19-055A,2019-05-13 00:00:00,F,B,17.0,,-89.0257,42.505
266,UOF19-055B,2019-05-13 00:00:00,F,B,17.0,,-89.0257,42.505
267,UOF19-056A,2019-06-10 00:00:00,F,W,27.0,compliance hold,-89.0257,42.505
268,UOF19-056B,2019-06-10 00:00:00,F,W,27.0,escort hold,-89.0257,42.505
269,UOF19-057A,2019-06-14 00:00:00,F,W,26.0,satbilization for OWI blood draw,-89.0257,42.505
270,UOF19-057B,2019-06-14 00:00:00,F,W,26.0,stablization for owi blood draw,-89.0257,42.505
271,UOF19-058,2019-06-15 00:00:00,F,W,35.0,,-89.0257,42.505
272,UOF19-059,2019-06-18 00:00:00,M,W,17.0,passive countermeasure,-89.0257,42.505
273,UOF19-060,2019-06-20 00:00:00,M,B,38.0,,-89.0257,42.505
274,UOF19-061A,2019-06-17 00:00:00,M,W,28.0,,-89.0257,42.505
275,UOF19-061B,2019-06-17 00:00:00,M,W,28.0,overcome resistive tension to handcuff,-89.0257,42.505
276,UOF19-062A,2019-06-22 00:00:00,M,W,43.0,,-89.0257,42.505
277,UOF19-062B,2019-06-22 00:00:00,M,W,43.0,,-89.0257,42.505
278,UOF19-063A,2019-06-23 00:00:00,M,W,19.0,,-89.0257,42.505
279,UOF19-063B,2019-06-23 00:00:00,M,W,19.0,,-89.0257,42.505
280,UOF19-064,2019-06-27 00:00:00,M,W,33.0,,-89.0257,42.505
281,UOF19-065A,2019-06-30 00:00:00,M,B,43.0,,-89.0257,42.505
282,UOF19-065B,2019-06-30 00:00:00,M,B,43.0,stabilization,-89.0257,42.505
283,UOF19-066,2019-07-02 00:00:00,F,W,27.0,Passive countermeasure,-89.0257,42.505
284,UOF19-067,2019-07-04 00:00:00,M,W,27.0,,-89.0257,42.505
285,UOF19-068A,2019-07-14 00:00:00,M,W,,Escort hold,-89.0257,42.505
286,UOF19-068B,2019-07-14 00:00:00,M,W,,escort hold,-89.0257,42.505
287,UOF19-069A,2019-07-05 00:00:00,M,B,,passive countermeasrure,-89.0257,42.505
288,UOF19-069A,2019-07-05 00:00:00,M,B,,Passive Counter measure.,-89.0257,42.505
289,UOF19-069A,2019-07-05 00:00:00,M,B,,Passive countermeasure and handcuffing,-89.0257,42.505
290,UOF19-069A,2019-07-05 00:00:00,M,B,,,-89.0257,42.505
291,UOF19-070,2019-07-08 00:00:00,F,W,16.0,stabilization,-89.0257,42.505
292,UOF19-071,2019-07-23 00:00:00,M,W,30.0,,-89.0257,42.505
293,UOF19-072A,2019-07-27 00:00:00,F,B,32.0,,-89.0257,42.505
294,UOF19-072B,2019-07-27 00:00:00,F,B,32.0,,-89.0257,42.505
295,UOF19-073,2019-07-28 00:00:00,F,W,18.0,,-89.0257,42.505
296,UOF19-074A,2019-07-16 00:00:00,F,B,46.0,Hold down during blood draw,-89.0257,42.505
297,UOF19-074B,2019-07-16 00:00:00,F,B,46.0,Hold down during blood draw,-89.0257,42.505
298,UOF19-075,2019-07-23 00:00:00,M,B,38.0,,-89.0257,42.505
299,UOF19-076,2019-05-13 00:00:00,,,,,-89.0257,42.505
300,UOF19-077,2019-07-25 00:00:00,M,B,15.0,stabilized against squad,-89.0257,42.505
301,UOF19-078A,2019-08-18 00:00:00,F,W,,stabilization,-89.0257,42.505
302,UOF19-078B,2019-08-18 00:00:00,F,W,,stabilization,-89.0257,42.505
303,UOF19-079,2019-08-18 00:00:00,M,W,26.0,,-89.0257,42.505
304,UOF19-080A,2019-08-24 00:00:00,M,B,38.0,Overcome physical strength from pulling away,-89.0257,42.505
305,UOF19-080b,2019-08-24 00:00:00,M,B,38.0,Overcome physical strength from pulling away,-89.0257,42.505
306,UOF19-081A,2019-08-27 00:00:00,F,B,22.0,stabilization,-89.0257,42.505
307,UOF19-081B,2019-08-27 00:00:00,F,B,22.0,,-89.0257,42.505
308,UOF19-082,2019-08-28 00:00:00,F,W,15.0,Overcome resitance to handcuff,-89.0257,42.505
309,UOF19-083A,2019-03-29 00:00:00,F,W,39.0,overcome resistance to handcuff,-89.0257,42.505
310,UOF19-083B,2019-03-29 00:00:00,F,W,39.0,overcome resistance to handcuff,-89.0257,42.505
311,UOF19-083C,2019-03-29 00:00:00,F,W,39.0,overcome resistance to handcuff,-89.0257,42.505
312,UOF19-084,2019-09-07 00:00:00,M,B,49.0,,-89.0257,42.505
313,UOF19-085A,2019-09-10 00:00:00,F,W,36.0,,-89.0257,42.505
314,UOF19-085B,2019-09-10 00:00:00,F,W,36.0,compliance hold,-89.0257,42.505
315,UOF19-086A,2019-09-04 00:00:00,M,W,16.0,Escort hold,-89.0257,42.505
316,UOF19-086B,2019-09-04 00:00:00,M,W,16.0,Escort hold,-89.0257,42.505
317,UOF19-087,2019-09-11 00:00:00,F,B,12.0,overcome resistance to handcuff,-89.0257,42.505
318,UOF19-088A,2019-09-15 00:00:00,F,W,38.0,,-89.0257,42.505
319,UOF19-088B,2019-09-15 00:00:00,F,W,38.0,,-89.0257,42.505
320,UOF19-088C,2019-09-15 00:00:00,F,W,38.0,,-89.0257,42.505
321,UOF19-089A,2019-09-09 00:00:00,M,B,22.0,Stabilization,-89.0257,42.505
322,UOF19-089B,2019-09-09 00:00:00,M,B,22.0,Stabilization,-89.0257,42.505
323,UOF19-090A,2019-09-16 00:00:00,M,W,30.0,,-89.0257,42.505
324,UOF19-090B,2019-09-16 00:00:00,M,W,30.0,stabilization,-89.0257,42.505
325,UOF19-091,2019-09-18 00:00:00,F,W,13.0,,-89.0257,42.505
326,UOF19-092A,2019-09-23 00:00:00,M,B,20.0,Stabilization to handcuff,-89.0257,42.505
327,UOF19-092B,2019-09-23 00:00:00,M,B,20.0,Stabilization to handcuff,-89.0257,42.505
328,UOF19-092C,2019-09-23 00:00:00,M,B,20.0,Stabilization to handcuff,-89.0257,42.505
329,UOF19-093A,2019-09-29 00:00:00,M,H,19.0,,-89.0257,42.505
330,UOF19-093B,2019-09-29 00:00:00,M,H,19.0,,-89.0257,42.505
331,UOF19-094,2019-09-29 00:00:00,M,B,21.0,stabilization,-89.0257,42.505
332,UOF19-095,2019-09-21 00:00:00,M,W,59.0,Stabilization to handcuff,-89.0257,42.505
333,UOF19-096,2019-10-14 00:00:00,M,B,13.0,,-89.0257,42.505
334,UOF19-097,2019-10-18 00:00:00,M,W,13.0,Overcome resistance to handcuff,-89.0257,42.505
335,UOF19-098A,2019-10-29 00:00:00,M,B,14.0,,-89.0257,42.505
336,UOF19-098B,2019-10-29 00:00:00,M,B,14.0,,-89.0257,42.505
337,UOF19-099A,2019-10-29 00:00:00,M,B,16.0,Hug yoursel decentralization,-89.0257,42.505
338,UOF19-099B,2019-10-29 00:00:00,M,B,16.0,Hug yoursel decentralization,-89.0257,42.505
339,UOF19-100A,2019-11-15 00:00:00,M,B,30.0,,-89.0257,42.505
340,UOF19-100B,2019-11-15 00:00:00,M,B,30.0,,-89.0257,42.505
341,UOF19-100C,2019-11-15 00:00:00,M,B,30.0,,-89.0257,42.505
342,UOF19-101,2019-11-15 00:00:00,M,B,11.0,,-89.0257,42.505
343,UOF19-102A,2019-11-19 00:00:00,F,W,27.0,,-89.0257,42.505
344,UOF19-102B,2019-11-19 00:00:00,F,W,27.0,,-89.0257,42.505
345,UOF19-103,2019-11-19 00:00:00,M,W,37.0,,-89.0257,42.505
346,UOF19-104A,2019-11-22 00:00:00,M,W,28.0,,-89.0257,42.505
347,UOF19-104B,2019-11-22 00:00:00,M,W,28.0,,-89.0257,42.505
348,UOF19-104C,2019-11-22 00:00:00,M,W,28.0,,-89.0257,42.505
349,UOF19-105,2019-11-24 00:00:00,M,W,28.0,,-89.0257,42.505
350,UOF19-106,2019-11-23 00:00:00,F,B,24.0,Stabilization,-89.0257,42.505
351,UOF19-107,2019-11-26 00:00:00,F,W,42.0,,-89.0257,42.505
352,UOF19-108A,2019-12-01 00:00:00,F,B,18.0,Stabilization,-89.0257,42.505
353,UOF19-108B,2019-12-01 00:00:00,F,B,18.0,Stabilization,-89.0257,42.505
354,UOF19-108C,2019-12-01 00:00:00,F,B,18.0,Stabilization,-89.0257,42.505
355,UOF19-109A,2019-12-08 00:00:00,M,W,31.0,Stabilization,-89.0257,42.505
356,UOF19-109B,2019-12-08 00:00:00,M,W,31.0,Stabilization,-89.0257,42.505
357,UOF19-109C,2019-12-08 00:00:00,M,W,31.0,Stabilization,-89.0257,42.505
358,UOF19-109D,2019-12-08 00:00:00,M,W,31.0,Stabilization,-89.0257,42.505
359,UOF19-110A,2019-12-06 00:00:00,M,B,16.0,,-89.0257,42.505
360,UOF19-110B,2019-12-06 00:00:00,M,B,16.0,,-89.0257,42.505
361,UOF19-111A,2019-11-27 00:00:00,F,B,53.0,,-89.0257,42.505
362,UOF19-111B,2019-11-27 00:00:00,F,B,53.0,,-89.0257,42.505
363,UOF19-112,2019-11-15 00:00:00,M,B,49.0,Stablization,-89.0257,42.505
364,UOF19-113A,2019-12-13 00:00:00,M,B,41.0,hypoglossal,-89.0257,42.505
365,UOF19-113B,2019-12-13 00:00:00,M,B,41.0,,-89.0257,42.505
366,UOF19-114,2019-12-22 00:00:00,F,W,22.0,,-89.0257,42.505
367,UOF19-115,2019-12-22 00:00:00,,,,,-89.0257,42.505
368,UOF19-116,2019-12-20 00:00:00,M,W,15.0,,-89.0257,42.505
369,UOF19-117,2019-12-20 00:00:00,,,,Deer crash dispatch a deer,-89.0257,42.505
370,UOF19-001A,2019-01-06 00:00:00,M,W,26.0,stabilization,-89.0257,42.505
371,UOF19-001B,2019-01-06 00:00:00,M,W,26.0,stabilization,-89.0257,42.505
372,UOF19-002,2019-01-06 00:00:00,M,W,26.0,stabilization,-89.0257,42.505
373,UOF19-003,2019-01-08 00:00:00,M,W,23.0,stabilization,-89.0257,42.505
374,UOF19-004,2019-01-10 00:00:00,M,B,29.0,modified passive countermeasures,-89.0257,42.505
375,UOF19-005,2019-01-07 00:00:00,F,B,21.0,stabilization,-89.0257,42.505
376,UOF19-006A,2019-01-11 00:00:00,M,B,40.0,stabilization,-89.0257,42.505
377,UOF19-006B,2019-01-11 00:00:00,M,B,40.0,stabilization,-89.0257,42.505
378,UOF19-007A,2019-01-12 00:00:00,F,W,16.0,stabilization,-89.0257,42.505
379,UOF19-007B,2019-01-12 00:00:00,F,W,16.0,stabilization,-89.0257,42.505
380,UOF19-008,2019-01-12 00:00:00,M,B,28.0,Stabilization,-89.0257,42.505
381,UOF19-009A,2019-01-15 00:00:00,M,W,35.0,,-89.0257,42.505
382,UOF19-009B,2019-01-15 00:00:00,M,W,35.0,,-89.0257,42.505
383,UOF19-010A,2019-01-15 00:00:00,M,W,35.0,stabiliization in hospital bed,-89.0257,42.505
384,UOF19-010B,2019-01-15 00:00:00,M,W,35.0,stabiliization in hospital b ed,-89.0257,42.505
385,UOF19-010C,2019-01-15 00:00:00,M,W,35.0,stabiliization in hospital b ed,-89.0257,42.505
386,UOF19-011A,2019-02-05 00:00:00,M,B,13.0,"Taken to floor in cafeteria, stabilization",-89.0257,42.505
387,UOF19-011B,2019-02-05 00:00:00,M,B,13.0,"Taken to floor in cafeteria, stabilization",-89.0257,42.505
388,UOF19-012,2019-02-02 00:00:00,M,W,39.0,stabilization,-89.0257,42.505
389,UOF19-013,2019-02-03 00:00:00,F,W,27.0,Passive countermeasures,-89.0257,42.505
390,UOF19-014A,2019-02-13 00:00:00,M,B,21.0,Stabilization,-89.0257,42.505
391,UOF19-014B,2019-02-13 00:00:00,M,B,21.0,Stabilization,-89.0257,42.505
392,UOF19-015A,2019-01-16 00:00:00,W,M,39.0,Stabilization against car,-89.0257,42.505
393,UOF19-015B,2019-01-16 00:00:00,W,M,39.0,Stabilization against car,-89.0257,42.505
394,UOF19-016A,2019-02-20 00:00:00,F,W,16.0,stabilization,-89.0257,42.505
395,UOF19-016B,2019-02-20 00:00:00,F,W,16.0,stabilization,-89.0257,42.505
396,UOF19-017A,2019-02-25 00:00:00,M,B,21.0,,-89.0257,42.505
397,UOF19-017B,2019-02-25 00:00:00,M,B,21.0,,-89.0257,42.505
398,UOF19-018,2019-02-20 00:00:00,F,W,16.0,stabilization on hospital bed,-89.0257,42.505
399,UOF19-019,2019-02-11 00:00:00,F,B,10.0,Modified decentralization/stabilization,-89.0257,42.505
400,UOF19-020,2019-02-02 00:00:00,M,B,30.0,Stabilization,-89.0257,42.505
401,UOF19-021A,2019-02-16 00:00:00,M,W,39.0,stabilization,-89.0257,42.505
402,UOF19-021B,2019-02-16 00:00:00,M,W,39.0,stabilization,-89.0257,42.505
403,UOF19-021C,2019-02-16 00:00:00,M,W,39.0,stabilization,-89.0257,42.505
404,UOF19-022A,2019-03-06 00:00:00,M,W,15.0,stabilization,-89.0257,42.505
405,UOF19-022B,2019-03-06 00:00:00,M,W,15.0,stabilization,-89.0257,42.505
406,UOF19-023,2019-03-09 00:00:00,F,B,23.0,stabilization,-89.0257,42.505
407,UOF19-024,2019-03-17 00:00:00,F,W,47.0,stabilization,-89.0257,42.505
408,UOF19-025,2019-03-17 00:00:00,M,B,23.0,stabilization,-89.0257,42.505
409,UOF19-026,2019-03-24 00:00:00,M,W,38.0,tackled,-89.0257,42.505
410,UOF19-027A,2019-03-26 00:00:00,M,B,25.0,,-89.0257,42.505
411,UOF19-027B,2019-03-26 00:00:00,M,B,25.0,,-89.0257,42.505
412,UOF19-028A,2019-03-28 00:00:00,M,B,40.0,stabilization of legs,-89.0257,42.505
413,UOF19-028B,2019-03-28 00:00:00,M,B,40.0,stabilization of legs,-89.0257,42.505
414,UOF19-028C,2019-03-28 00:00:00,M,B,40.0,stabillization of shoulders/arms,-89.0257,42.505
415,UOF19-029A,2019-03-21 00:00:00,F,W,31.0,stabilization,-89.0257,42.505
416,UOF19-029B,2019-03-21 00:00:00,F,W,31.0,stabilization,-89.0257,42.505
417,UOF19-030,2019-03-25 00:00:00,M,B,14.0,stabilization,-89.0257,42.505
418,UOF19-030,2019-04-10 00:00:00,M,B,13.0,,-89.0257,42.505
419,UOF19-031A,2019-04-11 00:00:00,F,B,28.0,overcome resistance to handcuff,-89.0257,42.505
420,UOF19-031B,2019-04-11 00:00:00,F,B,28.0,overcome resistance to handcuff,-89.0257,42.505
421,UOF19-032A,2019-04-10 00:00:00,M,W,31.0,stabilization,-89.0257,42.505
422,UOF19-032B,2019-04-10 00:00:00,M,W,31.0,stabilization,-89.0257,42.505
423,UOF19-033A,2019-04-18 00:00:00,M,B,17.0,,-89.0257,42.505
424,UOF19-033B,2019-04-18 00:00:00,M,B,17.0,,-89.0257,42.505
425,UOF19-033C,2019-04-18 00:00:00,M,B,17.0,stabilization,-89.0257,42.505
426,UOF19-034A,2019-04-24 00:00:00,M,B,23.0,,-89.0257,42.505
427,UOF19-034B,2019-04-24 00:00:00,M,B,23.0,,-89.0257,42.505
428,UOF19-035A,2019-04-27 00:00:00,F,B,30.0,stabilization,-89.0257,42.505
429,UOF19-035B,2019-04-27 00:00:00,F,B,30.0,stabilization,-89.0257,42.505
430,UOF19-036A,2019-04-28 00:00:00,M,H,15.0,,-89.0257,42.505
431,UOF19-036B,2019-04-28 00:00:00,M,H,15.0,stabilization,-89.0257,42.505
432,UOF19-036C,2019-04-28 00:00:00,M,H,15.0,stabilization,-89.0257,42.505
433,UOF19-036D,2019-04-28 00:00:00,M,H,15.0,,-89.0257,42.505
434,UOF19-037A,2019-04-29 00:00:00,M,H,33.0,,-89.0257,42.505
435,UOF19-037B,2019-04-29 00:00:00,M,H,33.0,,-89.0257,42.505
436,UOF19-037C,2019-04-29 00:00:00,M,H,33.0,stabilization,-89.0257,42.505
437,UOF19-037D,2019-04-29 00:00:00,M,H,33.0,,-89.0257,42.505
438,UOF19-037E,2019-04-29 00:00:00,M,H,33.0,,-89.0257,42.505
439,UOF19-038A,2019-03-30 00:00:00,F,W,55.0,,-89.0257,42.505
440,UOF19-038B,2019-03-30 00:00:00,F,W,55.0,Passive countermeasure,-89.0257,42.505
441,UOF19-039A,2019-05-04 00:00:00,m,b,31.0,Stabilization,-89.0257,42.505
442,UOF19-039B,2019-05-04 00:00:00,m,b,31.0,Compliance hold,-89.0257,42.505
443,UOF19-040A,2019-05-05 00:00:00,f,b,27.0,,-89.0257,42.505
444,UOF19-040B,2019-05-05 00:00:00,f,b,27.0,escort hold,-89.0257,42.505
445,UOF19-041A,2019-05-04 00:00:00,m,w,63.0,passive countermeasure,-89.0257,42.505
446,UOF19-041B,2019-05-04 00:00:00,m,w,63.0,passive countermeasure,-89.0257,42.505
447,UOF19-041C,2019-05-04 00:00:00,m,w,63.0,stabilization,-89.0257,42.505
448,UOF19-042,2019-08-06 00:00:00,M,B,29.0,tackled,-89.0257,42.505
449,UOF19-043,2019-05-06 00:00:00,F,B,21.0,Passive countermeasure.,-89.0257,42.505
450,UOF19-044,2019-04-23 00:00:00,M,W,,,-89.0257,42.505
451,UOF19-045,2019-05-17 00:00:00,F,W,26.0,stabilization,-89.0257,42.505
452,UOF19-046A,2019-05-17 00:00:00,M,W,23.0,Passive Resistence,-89.0257,42.505
453,UOF19-046B,2019-05-17 00:00:00,M,W,23.0,Passive Resistence,-89.0257,42.505
454,UOF19-047A,2019-05-17 00:00:00,F,W,26.0,Passive Countermeasure,-89.0257,42.505
455,UOF19-047b,2019-05-17 00:00:00,F,W,26.0,,-89.0257,42.505
456,UOF19-048,2019-05-19 00:00:00,F,W,31.0,Passive countermeasure,-89.0257,42.505
457,UOF19-049,2019-05-19 00:00:00,M,B,30.0,,-89.0257,42.505
458,UOF19-050,2019-05-23 00:00:00,M,W,21.0,Compliance hold pulled subject from vehicle.,-89.0257,42.505
459,UOF19-051,2019-05-25 00:00:00,M,B,65.0,,-89.0257,42.505
460,UOF19-052A,2019-05-29 00:00:00,M,W,17.0,,-89.0257,42.505
461,UOF19-052B,2019-05-29 00:00:00,M,W,17.0,Overcome resistance to handcuff,-89.0257,42.505
462,UOF19-052C,2019-05-29 00:00:00,M,W,17.0,,-89.0257,42.505
463,UOF19-053A,2019-06-03 00:00:00,F,W,34.0,,-89.0257,42.505
464,UOF19-053B,2019-06-03 00:00:00,F,W,34.0,stabilization,-89.0257,42.505
465,UOF19-054A,2019-06-04 00:00:00,F,W,34.0,,-89.0257,42.505
466,UOF19-054B,2019-06-03 00:00:00,F,W,34.0,stabilization,-89.0257,42.505
467,UOF19-055A,2019-05-13 00:00:00,F,B,17.0,,-89.0257,42.505
468,UOF19-055B,2019-05-13 00:00:00,F,B,17.0,,-89.0257,42.505
469,UOF19-056A,2019-06-10 00:00:00,F,W,27.0,compliance hold,-89.0257,42.505
470,UOF19-056B,2019-06-10 00:00:00,F,W,27.0,escort hold,-89.0257,42.505
471,UOF19-057A,2019-06-14 00:00:00,F,W,26.0,satbilization for OWI blood draw,-89.0257,42.505
472,UOF19-057B,2019-06-14 00:00:00,F,W,26.0,stablization for owi blood draw,-89.0257,42.505
473,UOF19-058,2019-06-15 00:00:00,F,W,35.0,,-89.0257,42.505
474,UOF19-059,2019-06-18 00:00:00,M,W,17.0,passive countermeasure,-89.0257,42.505
475,UOF19-060,2019-06-20 00:00:00,M,B,38.0,,-89.0257,42.505
476,UOF19-061A,2019-06-17 00:00:00,M,W,28.0,,-89.0257,42.505
477,UOF19-061B,2019-06-17 00:00:00,M,W,28.0,overcome resistive tension to handcuff,-89.0257,42.505
478,UOF19-062A,2019-06-22 00:00:00,M,W,43.0,,-89.0257,42.505
479,UOF19-062B,2019-06-22 00:00:00,M,W,43.0,,-89.0257,42.505
480,UOF19-063A,2019-06-23 00:00:00,M,W,19.0,,-89.0257,42.505
481,UOF19-063B,2019-06-23 00:00:00,M,W,19.0,,-89.0257,42.505
482,UOF19-064,2019-06-27 00:00:00,M,W,33.0,,-89.0257,42.505
483,UOF19-065A,2019-06-30 00:00:00,M,B,43.0,,-89.0257,42.505
484,UOF19-065B,2019-06-30 00:00:00,M,B,43.0,stabilization,-89.0257,42.505
485,UOF19-066,2019-07-02 00:00:00,F,W,27.0,Passive countermeasure,-89.0257,42.505
486,UOF19-067,2019-07-04 00:00:00,M,W,27.0,,-89.0257,42.505
487,UOF19-068A,2019-07-14 00:00:00,M,W,,Escort hold,-89.0257,42.505
488,UOF19-068B,2019-07-14 00:00:00,M,W,,escort hold,-89.0257,42.505
489,UOF19-069A,2019-07-05 00:00:00,M,B,,passive countermeasrure,-89.0257,42.505
490,UOF19-069A,2019-07-05 00:00:00,M,B,,Passive Counter measure.,-89.0257,42.505
491,UOF19-069A,2019-07-05 00:00:00,M,B,,Passive countermeasure and handcuffing,-89.0257,42.505
492,UOF19-069A,2019-07-05 00:00:00,M,B,,,-89.0257,42.505
493,UOF19-070,2019-07-08 00:00:00,F,W,16.0,stabilization,-89.0257,42.505
494,UOF19-071,2019-07-23 00:00:00,M,W,30.0,,-89.0257,42.505
495,UOF19-072A,2019-07-27 00:00:00,F,B,32.0,,-89.0257,42.505
496,UOF19-072B,2019-07-27 00:00:00,F,B,32.0,,-89.0257,42.505
497,UOF19-073,2019-07-28 00:00:00,F,W,18.0,,-89.0257,42.505
498,UOF19-074A,2019-07-16 00:00:00,F,B,46.0,Hold down during blood draw,-89.0257,42.505
499,UOF19-074B,2019-07-16 00:00:00,F,B,46.0,Hold down during blood draw,-89.0257,42.505
500,UOF19-075,2019-07-23 00:00:00,M,B,38.0,,-89.0257,42.505
501,UOF19-076,2019-05-13 00:00:00,,,,,-89.0257,42.505
502,UOF19-077,2019-07-25 00:00:00,M,B,15.0,stabilized against squad,-89.0257,42.505
503,UOF19-078A,2019-08-18 00:00:00,F,W,,stabilization,-89.0257,42.505
504,UOF19-078B,2019-08-18 00:00:00,F,W,,stabilization,-89.0257,42.505
505,UOF19-079,2019-08-18 00:00:00,M,W,26.0,,-89.0257,42.505
506,UOF19-080A,2019-08-24 00:00:00,M,B,38.0,Overcome physical strength from pulling away,-89.0257,42.505
507,UOF19-080b,2019-08-24 00:00:00,M,B,38.0,Overcome physical strength from pulling away,-89.0257,42.505
508,UOF19-081A,2019-08-27 00:00:00,F,B,22.0,stabilization,-89.0257,42.505
509,UOF19-081B,2019-08-27 00:00:00,F,B,22.0,,-89.0257,42.505
510,UOF19-082,2019-08-28 00:00:00,F,W,15.0,Overcome resitance to handcuff,-89.0257,42.505
511,UOF19-083A,2019-03-29 00:00:00,F,W,39.0,overcome resistance to handcuff,-89.0257,42.505
512,UOF19-083B,2019-03-29 00:00:00,F,W,39.0,overcome resistance to handcuff,-89.0257,42.505
513,UOF19-083C,2019-03-29 00:00:00,F,W,39.0,overcome resistance to handcuff,-89.0257,42.505
514,UOF19-084,2019-09-07 00:00:00,M,B,49.0,,-89.0257,42.505
515,UOF19-085A,2019-09-10 00:00:00,F,W,36.0,,-89.0257,42.505
516,UOF19-085B,2019-09-10 00:00:00,F,W,36.0,compliance hold,-89.0257,42.505
517,UOF19-086A,2019-09-04 00:00:00,M,W,16.0,Escort hold,-89.0257,42.505
518,UOF19-086B,2019-09-04 00:00:00,M,W,16.0,Escort hold,-89.0257,42.505
519,UOF19-087,2019-09-11 00:00:00,F,B,12.0,overcome resistance to handcuff,-89.0257,42.505
520,UOF19-088A,2019-09-15 00:00:00,F,W,38.0,,-89.0257,42.505
521,UOF19-088B,2019-09-15 00:00:00,F,W,38.0,,-89.0257,42.505
522,UOF19-088C,2019-09-15 00:00:00,F,W,38.0,,-89.0257,42.505
523,UOF19-089A,2019-09-09 00:00:00,M,B,22.0,Stabilization,-89.0257,42.505
524,UOF19-089B,2019-09-09 00:00:00,M,B,22.0,Stabilization,-89.0257,42.505
525,UOF19-090A,2019-09-16 00:00:00,M,W,30.0,,-89.0257,42.505
526,UOF19-090B,2019-09-16 00:00:00,M,W,30.0,stabilization,-89.0257,42.505
527,UOF19-091,2019-09-18 00:00:00,,,,,-89.0257,42.505
528,UOF19-092A,2019-09-23 00:00:00,M,B,20.0,Stabilization to handcuff,-89.0257,42.505
529,UOF19-092B,2019-09-23 00:00:00,M,B,20.0,Stabilization to handcuff,-89.0257,42.505
530,UOF19-092C,2019-09-23 00:00:00,M,B,20.0,Stabilization to handcuff,-89.0257,42.505
531,UOF19-093A,2019-09-29 00:00:00,,,,,-89.0257,42.505
532,UOF19-094,2019-09-29 00:00:00,,,,stabilization,-89.0257,42.505
533,UOF17-001,2017-01-04 00:00:00,F,W,24.0,Passive Countermeasures,-89.0257,42.505
534,UOF17-002,2017-02-18 00:00:00,F,B,19.0,,-89.0257,42.505
535,UOF17-003,2017-02-17 00:00:00,F,W,14.0,Passive Counter Measure - modified hug yourself technique,-89.0257,42.505
536,UOF17-004,2017-02-21 00:00:00,M,B,13.0,Passive Counter Measure - Lower Your Center,-89.0257,42.505
537,UOF17-005,2017-02-16 00:00:00,M,W,34.0,,-89.0257,42.505
538,UOF17-006,2017-03-04 00:00:00,F,B,19.0,,-89.0257,42.505
539,UOF17-007,2017-03-09 00:00:00,F,W,25.0,passive countermeasure/fell to ground,-89.0257,42.505
540,UOF17-008A,2017-03-11 00:00:00,M,W,73.0,,-89.0257,42.505
541,UOF17-008B,2017-03-11 00:00:00,M,W,73.0,,-89.0257,42.505
542,UOF17-009,2017-03-13 00:00:00,F,W,15.0,,-89.0257,42.505
543,20-037,2020-06-04 00:00:00,,,,,-89.0257,42.505
544,UOF20-001,2020-01-01 00:00:00,M,B,29.0,,-89.0257,42.505
545,UOF20-002,2020-01-19 00:00:00,F,W,30.0,,-89.0257,42.505
546,UOF20-003,2020-01-12 00:00:00,,,,,-89.0257,42.505
547,UOF20-004,2020-01-29 00:00:00,f,w,33.0,,-89.0257,42.505
548,UOF20-005,2020-02-13 00:00:00,m,b,,,-89.0257,42.505
549,UOF20-006,2020-02-17 00:00:00,F,B,23.0,,-89.0257,42.505
550,UOF20-007,2020-02-25 00:00:00,m,w,16.0,,-89.0257,42.505
551,UOF20-008,2020-02-29 00:00:00,F,W,20.0,,-89.0257,42.505
552,UOF20-009,2020-03-03 00:00:00,M,W,30.0,,-89.0257,42.505
553,UOF20-010,2020-02-20 00:00:00,m,b,20.0,,-89.0257,42.505
554,UOF20-011,2020-03-30 00:00:00,M,W,31.0,,-89.0257,42.505
555,UOF20-012,2020-03-31 00:00:00,F,W,36.0,,-89.0257,42.505
556,UOF20-013,2020-03-28 00:00:00,M,H,20.0,,-89.0257,42.505
557,UOF20-014,2020-04-04 00:00:00,,,,,-89.0257,42.505
558,UOF20-015,2020-04-10 00:00:00,M,B,46.0,,-89.0257,42.505
559,UOF20-016,2020-04-13 00:00:00,F,B,38.0,,-89.0257,42.505
560,UOF20-017,2020-04-21 00:00:00,M,W,33.0,,-89.0257,42.505
561,UOF20-018,2020-04-26 00:00:00,F,w,39.0,,-89.0257,42.505
562,UOF20-019,2020-04-28 00:00:00,F,W,,,-89.0257,42.505
563,UOF20-020,2020-04-30 00:00:00,M,B,65.0,,-89.0257,42.505
564,UOF20-021,2020-05-04 00:00:00,M,B,30.0,secured into handcuffs to stabilize as he was emotionally disturbed.,-89.0257,42.505
565,UOF20-022,2020-05-06 00:00:00,M,B,31.0,,-89.0257,42.505
566,UOF20-023,2020-05-10 00:00:00,m,w,33.0,,-89.0257,42.505
567,UOF20-024,2020-05-12 00:00:00,M,B,41.0,,-89.0257,42.505
568,UOF20-025,2020-05-14 00:00:00,m,b,27.0,,-89.0257,42.505
569,UOF20-026,2020-05-14 00:00:00,F,H,39.0,,-89.0257,42.505
570,UOF20-027,2020-05-17 00:00:00,M,B,14.0,,-89.0257,42.505
571,UOF20-028,2020-05-06 00:00:00,M,B,13.0,,-89.0257,42.505
572,UOF20-029,2020-05-18 00:00:00,M,B,,,-89.0257,42.505
573,UOF20-030,2020-05-22 00:00:00,M,W,35.0,,-89.0257,42.505
574,UOF20-031,2020-05-21 00:00:00,M,B,,,-89.0257,42.505
575,UOF20-032,2020-05-21 00:00:00,,,,,-89.0257,42.505
576,UOF20-033,2020-05-27 00:00:00,M,w,35.0,,-89.0257,42.505
577,UOF20-034,2020-05-31 00:00:00,m,b,20.0,,-89.0257,42.505
578,UOF20-035,2020-06-02 00:00:00,m,b,31.0,,-89.0257,42.505
579,UOF20-036,2020-06-01 00:00:00,F,B,,,-89.0257,42.505
580,UOF20-036,2020-06-04 00:00:00,,,,,-89.0257,42.505
581,UOF20-037,2020-06-04 00:00:00,,,,,-89.0257,42.505
582,UOF17-001,2017-01-04 00:00:00,F,W,24.0,Passive Countermeasures,-89.0257,42.505
583,UOF17-002,2017-02-18 00:00:00,F,B,19.0,,-89.0257,42.505
584,UOF17-003,2017-02-17 00:00:00,F,W,14.0,Passive Counter Measure - modified hug yourself technique,-89.0257,42.505
585,UOF17-004,2017-02-21 00:00:00,M,B,13.0,Passive Counter Measure - Lower Your Center,-89.0257,42.505
586,UOF17-005,2017-02-16 00:00:00,M,W,34.0,Lt. Kaltenbrun asigned,-89.0257,42.505
587,UOF17-006,2017-03-04 00:00:00,F,B,19.0,,-89.0257,42.505
588,UOF17-007,2017-03-09 00:00:00,F,W,25.0,passive countermeasure/fell to ground,-89.0257,42.505
589,UOF17-008A,2017-03-11 00:00:00,M,W,73.0,,-89.0257,42.505
590,UOF17-008B,2017-03-11 00:00:00,M,W,73.0,,-89.0257,42.505
591,UOF17-009,2017-03-13 00:00:00,F,W,15.0,,-89.0257,42.505
592,UOF17-010,2017-04-20 00:00:00,M,W,26.0,,-89.0257,42.505
593,UOF17-011,2017-05-03 00:00:00,M,B,,,-89.0257,42.505
594,UOF17-012A,2017-05-23 00:00:00,M,B,33.0,,-89.0257,42.505
595,UOF17-012B,2017-05-23 00:00:00,M,B,33.0,,-89.0257,42.505
596,UOF17-013,2017-05-28 00:00:00,M,W,34.0,,-89.0257,42.505
597,UOF17-014A,2017-06-06 00:00:00,M,B,38.0,,-89.0257,42.505
598,UOF17-014B,2017-06-06 00:00:00,M,B,38.0,,-89.0257,42.505
599,UOF17-014C,2017-06-06 00:00:00,M,B,38.0,,-89.0257,42.505
600,UOF17-015a,2017-06-08 00:00:00,M,W,24.0,,-89.0257,42.505
601,UOF17-015b,2017-06-08 00:00:00,M,W,24.0,,-89.0257,42.505
602,UOF17-016A,2017-06-20 00:00:00,F,B,16.0,,-89.0257,42.505
603,UOF17-016B,2017-06-20 00:00:00,F,B,17.0,,-89.0257,42.505
604,UOF17-017,2017-06-24 00:00:00,F,W,67.0,Pushed away and fell to the ground,-89.0257,42.505
605,UOF17-018,2017-07-13 00:00:00,F,W,33.0,,-89.0257,42.505
606,UOF17-019,2017-07-25 00:00:00,F,W,46.0,,-89.0257,42.505
607,UOF17-020,2017-08-11 00:00:00,F,W,40.0,,-89.0257,42.505
608,UOF17-021,2017-08-13 00:00:00,,,,,-89.0257,42.505
609,UOF17-022,2017-08-18 00:00:00,F,W,43.0,,-89.0257,42.505
610,UOF17-023,2017-08-18 00:00:00,M,B,18.0,Push,-89.0257,42.505
611,UOF17-024A,2017-08-24 00:00:00,M,W,36.0,,-89.0257,42.505
612,UOF17-024B,2017-08-24 00:00:00,M,W,36.0,,-89.0257,42.505
613,UOF17-025,2017-08-27 00:00:00,M,B,26.0,,-89.0257,42.505
614,UOF17-026,2017-08-29 00:00:00,,,,Handgun,-89.0257,42.505
615,UOF17-027,2017-09-18 00:00:00,,,,Rifle,-89.0257,42.505
616,UOF17-028,2017-09-29 00:00:00,M,W,14.0,,-89.0257,42.505
617,UOF17-029,2017-09-03 00:00:00,,,,,-89.0257,42.505
618,UOF17-030,2017-10-15 00:00:00,F,B,25.0,,-89.0257,42.505
619,UOF17-031,2017-10-14 00:00:00,M,W,44.0,,-89.0257,42.505
620,UOF17-032A,2017-10-19 00:00:00,M,B,39.0,Stabilization,-89.0257,42.505
621,UOF17-032B,2017-10-19 00:00:00,M,B,39.0,Stabilization,-89.0257,42.505
622,UOF17-033,2017-10-19 00:00:00,,,,,-89.0257,42.505
623,UOF17-034A,2017-10-23 00:00:00,M,B,26.0,,-89.0257,42.505
624,UOF17-034b,2017-10-23 00:00:00,M,B,26.0,,-89.0257,42.505
625,UOF17-035,2017-10-31 00:00:00,F,B,15.0,,-89.0257,42.505
626,UOF18-001,2018-01-05 00:00:00,M,W,40.0,Pulled by clothing,-89.0257,42.505
627,UOF18-002A,2018-01-07 00:00:00,M,W,53.0,"Restrained from walking out, handcuffed to bed",-89.0257,42.505
628,UOF18-002B,2018-01-07 00:00:00,M,W,53.0,"Restrained from walking out, handcuffed to bed",-89.0257,42.505
629,UOF18-003,2018-01-07 00:00:00,M,L,36.0,Force - Handcuffing,-89.0257,42.505
630,UOF18-004,2018-01-10 00:00:00,F,B,64.0,Stabilized to bed for medication,-89.0257,42.505
631,UOF18-005,2018-01-11 00:00:00,F,A,16.0,,-89.0257,42.505
632,UOF18-006,2018-01-15 00:00:00,M,W,23.0,"Forced Stabilazation on Ground, Forced handcuffing",-89.0257,42.505
633,UOF18-007,2018-01-22 00:00:00,M,B,10.0,Physically lowered to floor and held down,-89.0257,42.505
634,UOF18-008,2018-01-24 00:00:00,M,W,36.0,,-89.0257,42.505
635,UOF18-009A,2018-01-28 00:00:00,M,B,40.0,Escort Hold,-89.0257,42.505
636,UOF18-009B,2018-01-28 00:00:00,F,B,33.0,Escort Hold,-89.0257,42.505
637,UOF18-010A,2018-01-29 00:00:00,F,W,27.0,Forced Handcuffing,-89.0257,42.505
638,UOF18-010B,2018-01-29 00:00:00,F,W,27.0,Forced Handcuffing,-89.0257,42.505
639,UOF18-011,2018-01-27 00:00:00,M,W,25.0,Forced Handcuffing,-89.0257,42.505
640,UOF18-012A,2018-01-30 00:00:00,M,W,56.0,Forced Handcuffing,-89.0257,42.505
641,UOF18-012B,2018-01-30 00:00:00,M,W,56.0,Forced Handcuffing,-89.0257,42.505
642,UOF18-013A,2018-02-02 00:00:00,M,W,41.0,"Stabilization, Forced Escort, Forced Handcuffing",-89.0257,42.505
643,UOF18-013B,2018-02-02 00:00:00,M,W,41.0,"Stabilization, Forced Escort, Forced Handcuffing",-89.0257,42.505
644,UOF18-013C,2018-02-02 00:00:00,M,W,41.0,"Stabilization, Forced Escort, Forced Handcuffing",-89.0257,42.505
645,UOF18-014A,2018-02-03 00:00:00,F,B,27.0,,-89.0257,42.505
646,UOF18-014B,2018-02-03 00:00:00,F,B,27.0,,-89.0257,42.505
647,UOF18-014C,2018-02-03 00:00:00,F,B,27.0,,-89.0257,42.505
648,UOF18-015A,2018-02-04 00:00:00,F,W,27.0,,-89.0257,42.505
649,UOF18-015B,2018-02-04 00:00:00,F,W,27.0,,-89.0257,42.505
650,UOF18-016A,2018-02-07 00:00:00,M,W,27.0,,-89.0257,42.505
651,UOF18-016B,2018-02-07 00:00:00,M,W,27.0,,-89.0257,42.505
652,UOF18-016C,2018-02-07 00:00:00,M,W,27.0,,-89.0257,42.505
653,UOF18-019A,2018-02-14 00:00:00,M,W,14.0,"Forced Handcuffing, Forced Escort",-89.0257,42.505
654,UOF18-019B,2018-02-14 00:00:00,M,W,14.0,"Forced Handcuffing, Forced Escort",-89.0257,42.505
655,UOF18-020,2018-02-15 00:00:00,,,,Euthanized Deer,-89.0257,42.505
656,UOF18-021A,2018-02-15 00:00:00,F,B,26.0,"Stabilization, Forced Handcuffing",-89.0257,42.505
657,UOF18-021B,2018-02-15 00:00:00,F,B,26.0,"Stabilization, Forced Handcuffing",-89.0257,42.505
658,UOF18-021C,2018-02-15 00:00:00,F,B,26.0,"Stabilization, Forced Handcuffing",-89.0257,42.505
659,UOF18-021D,2018-02-15 00:00:00,F,B,26.0,"Stabilization, Forced Handcuffing",-89.0257,42.505
660,UOF18-022A,2018-02-16 00:00:00,M,W,28.0,Forced Handcuffing,-89.0257,42.505
661,UOF18-022B,2018-02-16 00:00:00,M,W,28.0,Forced Handcuffing,-89.0257,42.505
662,UOF18-022C,2018-02-16 00:00:00,M,W,28.0,Forced Handcuffing,-89.0257,42.505
663,UOF18-023A,2018-02-17 00:00:00,M,W,26.0,,-89.0257,42.505
664,UOF18-023B,2018-02-17 00:00:00,M,W,26.0,,-89.0257,42.505
665,UOF18-023C,2018-02-17 00:00:00,M,W,26.0,,-89.0257,42.505
666,UOF18-024,2018-02-18 00:00:00,M,W,32.0,,-89.0257,42.505
667,UOF18-025A,2018-02-18 00:00:00,M,W,29.0,"Escort Hold, Stabilization",-89.0257,42.505
668,UOF18-025B,2018-02-18 00:00:00,M,W,29.0,"Escort Hold, Stabilization",-89.0257,42.505
669,UOF18-025C,2018-02-18 00:00:00,M,W,29.0,"Escort Hold, Stabilization",-89.0257,42.505
670,UOF18-026,2020-10-13 09:42:00,F,B,14.0,"Stabilization, Forced Handcuffing",-89.0257,42.505
671,UOF18-027,2018-02-21 00:00:00,M,W,40.0,Pushed to ground,-89.0257,42.505
672,UOF18-028A,2018-02-27 00:00:00,M,B,36.0,"Stabilization, Forced Handcuffing, Had to carry Subject",-89.0257,42.505
673,UOF18-028B,2018-02-27 00:00:00,M,B,36.0,"Stabilization, Forced Handcuffing, Had to carry Subject",-89.0257,42.505
674,UOF18-028C,2018-02-27 00:00:00,M,B,36.0,"Stabilization, Forced Handcuffing, Had to carry Subject",-89.0257,42.505
675,UOF18-028D,2018-02-27 00:00:00,M,B,36.0,"Stabilization, Forced Handcuffing, Had to carry Subject",-89.0257,42.505
676,UOF18-029,2018-02-28 00:00:00,M,L,11.0,Scholl Security Decentralized,-89.0257,42.505
677,UOF18-030A,2018-02-28 00:00:00,M,W,14.0,"Forced Cuffing, Carried to squad",-89.0257,42.505
678,UOF18-030B,2018-02-28 00:00:00,M,W,14.0,"Forced Cuffing, Carried to squad",-89.0257,42.505
679,UOF18-031,2018-02-21 00:00:00,M,W,36.0,Stablization against vehicle,-89.0257,42.505
680,UOF18-032,2018-03-03 00:00:00,,,,,-89.0257,42.505
681,UOF18-033A,2018-03-06 00:00:00,F,W,20.0,Forced Handcuffing,-89.0257,42.505
682,UOF18-033B,2018-03-06 00:00:00,F,W,20.0,Forced Handcuffing,-89.0257,42.505
683,UOF18-034A,2018-03-07 00:00:00,F,W,17.0,"Escort Hold, forced handcuffing, stabilization",-89.0257,42.505
684,UOF18-034B,2018-03-07 00:00:00,F,W,17.0,"Escort Hold, forced handcuffing, stabilization",-89.0257,42.505
685,UOF18-034C,2018-03-07 00:00:00,F,W,17.0,Stabilization,-89.0257,42.505
686,UOF18-035A,2018-03-10 00:00:00,M,B,20.0,Compliance Hold,-89.0257,42.505
687,UOF18-035B,2018-03-10 00:00:00,M,B,20.0,Compliance Hold,-89.0257,42.505
688,UOF18-036A,2018-03-11 00:00:00,M,W,15.0,Escort Hold,-89.0257,42.505
689,UOF18-036B,2018-03-11 00:00:00,M,W,15.0,Escort Hold,-89.0257,42.505
690,UOF18-036C,2018-03-11 00:00:00,M,W,15.0,Escort Hold,-89.0257,42.505
691,UOF18-036D,2018-03-11 00:00:00,M,W,15.0,Escort Hold,-89.0257,42.505
692,UOF18-037,2018-03-11 00:00:00,M,W,45.0,"Escort Hold, Stabilization",-89.0257,42.505
693,UOF18-001,2018-01-05 00:00:00,M,W,40.0,Pulled by clothing,-89.0257,42.505
694,UOF18-002A,2018-01-07 00:00:00,M,W,53.0,"Restrained from walking out, handcuffed to bed",-89.0257,42.505
695,UOF18-002B,2018-01-07 00:00:00,M,W,53.0,"Restrained from walking out, handcuffed to bed",-89.0257,42.505
696,UOF18-003,2018-01-07 00:00:00,M,L,36.0,Force - Handcuffing,-89.0257,42.505
697,UOF18-004,2018-01-10 00:00:00,F,B,64.0,Stabilized to bed for medication,-89.0257,42.505
698,UOF18-005,2018-01-11 00:00:00,F,A,16.0,,-89.0257,42.505
699,UOF18-006,2018-01-15 00:00:00,M,W,23.0,"Forced Stabilazation on Ground, Forced handcuffing",-89.0257,42.505
700,UOF18-007,2018-01-22 00:00:00,M,B,10.0,Physically lowered to floor and held down,-89.0257,42.505
701,UOF18-008,2018-01-24 00:00:00,M,W,36.0,,-89.0257,42.505
702,UOF18-009A,2018-01-28 00:00:00,M,B,40.0,Escort Hold,-89.0257,42.505
703,UOF18-009B,2018-01-28 00:00:00,F,B,33.0,Escort Hold,-89.0257,42.505
704,UOF18-010A,2018-01-29 00:00:00,F,W,27.0,Forced Handcuffing,-89.0257,42.505
705,UOF18-010B,2018-01-29 00:00:00,F,W,27.0,Forced Handcuffing,-89.0257,42.505
706,UOF18-011,2018-01-27 00:00:00,M,W,25.0,Forced Handcuffing,-89.0257,42.505
707,UOF18-012A,2018-01-30 00:00:00,M,W,56.0,Forced Handcuffing,-89.0257,42.505
708,UOF18-012B,2018-01-30 00:00:00,M,W,56.0,Forced Handcuffing,-89.0257,42.505
709,UOF18-013A,2018-02-02 00:00:00,M,W,41.0,"Stabilization, Forced Escort, Forced Handcuffing",-89.0257,42.505
710,UOF18-013B,2018-02-02 00:00:00,M,W,41.0,"Stabilization, Forced Escort, Forced Handcuffing",-89.0257,42.505
711,UOF18-013C,2018-02-02 00:00:00,M,W,41.0,"Stabilization, Forced Escort, Forced Handcuffing",-89.0257,42.505
712,UOF18-014A,2018-02-03 00:00:00,F,B,27.0,,-89.0257,42.505
713,UOF18-014B,2018-02-03 00:00:00,F,B,27.0,,-89.0257,42.505
714,UOF18-014C,2018-02-03 00:00:00,F,B,27.0,,-89.0257,42.505
715,UOF18-015A,2018-02-04 00:00:00,F,W,27.0,,-89.0257,42.505
716,UOF18-015B,2018-02-04 00:00:00,F,W,27.0,,-89.0257,42.505
717,UOF18-016A,2018-02-07 00:00:00,M,W,27.0,,-89.0257,42.505
718,UOF18-016B,2018-02-07 00:00:00,M,W,27.0,,-89.0257,42.505
719,UOF18-016C,2018-02-07 00:00:00,M,W,27.0,,-89.0257,42.505
720,UOF18-019A,2018-02-14 00:00:00,M,W,14.0,"Forced Handcuffing, Forced Escort",-89.0257,42.505
721,UOF18-019B,2018-02-14 00:00:00,M,W,14.0,"Forced Handcuffing, Forced Escort",-89.0257,42.505
722,UOF18-020,2018-02-15 00:00:00,,,,Euthanized Deer,-89.0257,42.505
723,UOF18-021A,2018-02-15 00:00:00,F,B,26.0,"Stabilization, Forced Handcuffing",-89.0257,42.505
724,UOF18-021B,2018-02-15 00:00:00,F,B,26.0,"Stabilization, Forced Handcuffing",-89.0257,42.505
725,UOF18-021C,2018-02-15 00:00:00,F,B,26.0,"Stabilization, Forced Handcuffing",-89.0257,42.505
726,UOF18-021D,2018-02-15 00:00:00,F,B,26.0,"Stabilization, Forced Handcuffing",-89.0257,42.505
727,UOF18-022A,2018-02-16 00:00:00,M,W,28.0,Forced Handcuffing,-89.0257,42.505
728,UOF18-022B,2018-02-16 00:00:00,M,W,28.0,Forced Handcuffing,-89.0257,42.505
729,UOF18-022C,2018-02-16 00:00:00,M,W,28.0,Forced Handcuffing,-89.0257,42.505
730,UOF18-023A,2018-02-17 00:00:00,M,W,26.0,,-89.0257,42.505
731,UOF18-023B,2018-02-17 00:00:00,M,W,26.0,,-89.0257,42.505
732,UOF18-023C,2018-02-17 00:00:00,M,W,26.0,,-89.0257,42.505
733,UOF18-024A,2018-02-18 00:00:00,M,W,32.0,,-89.0257,42.505
734,UOF18-024B,2018-02-18 00:00:00,M,W,32.0,Escort hold,-89.0257,42.505
735,UOF18-025A,2018-02-18 00:00:00,M,W,29.0,"Escort Hold, Stabilization",-89.0257,42.505
736,UOF18-025B,2018-02-18 00:00:00,M,W,29.0,"Escort Hold, Stabilization",-89.0257,42.505
737,UOF18-025C,2018-02-18 00:00:00,M,W,29.0,"Escort Hold, Stabilization",-89.0257,42.505
738,UOF18-027,2018-02-21 00:00:00,M,W,40.0,Pushed to ground,-89.0257,42.505
739,UOF18-028A,2018-02-27 00:00:00,M,B,36.0,"Stabilization, Forced Handcuffing, Had to carry Subject",-89.0257,42.505
740,UOF18-028B,2018-02-27 00:00:00,M,B,36.0,"Stabilization, Forced Handcuffing, Had to carry Subject",-89.0257,42.505
741,UOF18-028C,2018-02-27 00:00:00,M,B,36.0,"Stabilization, Forced Handcuffing, Had to carry Subject",-89.0257,42.505
742,UOF18-028D,2018-02-27 00:00:00,M,B,36.0,"Stabilization, Forced Handcuffing, Had to carry Subject",-89.0257,42.505
743,UOF18-029,2018-02-28 00:00:00,M,L,11.0,Scholl Security Decentralized,-89.0257,42.505
744,UOF18-030A,2018-02-28 00:00:00,M,W,14.0,"Forced Cuffing, Carried to squad",-89.0257,42.505
745,UOF18-030B,2018-02-28 00:00:00,M,W,14.0,"Forced Cuffing, Carried to squad",-89.0257,42.505
746,UOF18-031,2018-02-21 00:00:00,M,W,36.0,Stablization against vehicle,-89.0257,42.505
747,UOF18-032,2018-03-03 00:00:00,,,,,-89.0257,42.505
748,UOF18-033A,2018-03-06 00:00:00,F,W,20.0,Forced Handcuffing,-89.0257,42.505
749,UOF18-033B,2018-03-06 00:00:00,F,W,20.0,Forced Handcuffing,-89.0257,42.505
750,UOF18-034A,2018-03-07 00:00:00,F,W,17.0,"Escort Hold, forced handcuffing, stabilization",-89.0257,42.505
751,UOF18-034B,2018-03-07 00:00:00,F,W,17.0,"Escort Hold, forced handcuffing, stabilization",-89.0257,42.505
752,UOF18-034C,2018-03-07 00:00:00,F,W,17.0,Stabilization,-89.0257,42.505
753,UOF18-035A,2018-03-10 00:00:00,M,B,20.0,Compliance Hold,-89.0257,42.505
754,UOF18-035B,2018-03-10 00:00:00,M,B,20.0,Compliance Hold,-89.0257,42.505
755,UOF18-036A,2018-03-11 00:00:00,M,W,15.0,Escort Hold,-89.0257,42.505
756,UOF18-036B,2018-03-11 00:00:00,M,W,15.0,Escort Hold,-89.0257,42.505
757,UOF18-036C,2018-03-11 00:00:00,M,W,15.0,Escort Hold,-89.0257,42.505
758,UOF18-036D,2018-03-11 00:00:00,M,W,15.0,Escort Hold,-89.0257,42.505
759,UOF18-037,2018-03-11 00:00:00,M,W,45.0,"Escort Hold, Stabilization",-89.0257,42.505
760,UOF18-038,2018-03-12 00:00:00,M,B,10.0,"Push, school trained NVIC stabilization",-89.0257,42.505
761,UOF18-039A,2018-03-17 00:00:00,m,w,9.0,Stabilization,-89.0257,42.505
762,UOF18-039B,2018-03-17 00:00:00,m,w,9.0,Stabilization,-89.0257,42.505
763,UOF18-039C,2018-03-17 00:00:00,m,w,9.0,Stabilization,-89.0257,42.505
764,UOF18-040A,2018-03-17 00:00:00,m,b,27.0,Stabilization,-89.0257,42.505
765,UOF18-040B,2018-03-17 00:00:00,m,b,27.0,Stabilization,-89.0257,42.505
766,UOF18-040C,2018-03-17 00:00:00,m,b,27.0,Stabilization,-89.0257,42.505
767,UOF18-041A,2018-03-20 00:00:00,M,W,25.0,Stabilization,-89.0257,42.505
768,UOF18-041B,2018-03-20 00:00:00,M,W,25.0,Stabilization,-89.0257,42.505
769,UOF18-041C,2018-03-20 00:00:00,M,W,25.0,Stabilization,-89.0257,42.505
770,UOF18-041D,2018-03-20 00:00:00,M,W,25.0,Stabilization,-89.0257,42.505
771,UOF18-041E,2018-03-20 00:00:00,M,W,25.0,Stabilization,-89.0257,42.505
772,UOF18-042A,2018-03-22 00:00:00,M,W,29.0,,-89.0257,42.505
773,UOF18-042B,2018-03-22 00:00:00,M,W,29.0,Compliance Hold,-89.0257,42.505
774,UOF18-043A,2018-03-25 00:00:00,M,W,42.0,Stabilization,-89.0257,42.505
775,UOF18-043B,2018-03-25 00:00:00,M,W,42.0,Stabilization,-89.0257,42.505
776,UOF18-045A,2018-04-03 00:00:00,m,w,21.0,,-89.0257,42.505
777,UOF18-045B,2018-04-03 00:00:00,m,w,21.0,,-89.0257,42.505
778,UOF18-046A,2018-04-04 00:00:00,f,w,40.0,,-89.0257,42.505
779,UOF18-046B,2018-04-04 00:00:00,f,w,40.0,Firearm pointed at subject,-89.0257,42.505
780,UOF18-047,2018-03-29 00:00:00,M,W,21.0,stabilization,-89.0257,42.505
781,UOF18-048A,2018-04-07 00:00:00,M,W,27.0,,-89.0257,42.505
782,UOF18-048B,2018-04-07 00:00:00,M,W,27.0,stabilization,-89.0257,42.505
783,UOF18-048C,2018-04-07 00:00:00,M,W,27.0,Stabilization,-89.0257,42.505
784,UOF18-049A,2018-04-11 00:00:00,F,W,31.0,stabilization,-89.0257,42.505
785,UOF18-049B,2018-04-11 00:00:00,F,W,31.0,stabilization,-89.0257,42.505
786,UOF18-050,2018-04-13 00:00:00,M,B,12.0,Stabilization,-89.0257,42.505
787,UOF18-051A,2018-04-18 00:00:00,M,W,31.0,Stabilization,-89.0257,42.505
788,UOF18-051B,2018-04-18 00:00:00,M,W,31.0,Stabilization,-89.0257,42.505
789,UOF18-052,2018-04-15 00:00:00,M,W,25.0,Stabilization,-89.0257,42.505
790,UOF18-053A,2018-04-24 00:00:00,m,w,34.0,,-89.0257,42.505
791,UOF18-053B,2018-04-24 00:00:00,m,w,34.0,passive countermeasures,-89.0257,42.505
792,UOF18-053C,2018-04-24 00:00:00,m,w,34.0,passive countermeasures,-89.0257,42.505
793,UOF18-054,2018-05-15 00:00:00,F,B,30.0,,-89.0257,42.505
794,UOF18-056,2018-04-30 00:00:00,F,B,16.0,stabilization,-89.0257,42.505
795,UOF18-057,2018-05-04 00:00:00,M,W,54.0,stabilization,-89.0257,42.505
796,UOF18-058A,2018-05-08 00:00:00,M,B,22.0,Passive countermeasures,-89.0257,42.505
797,UOF18-058B,2018-05-08 00:00:00,M,B,22.0,Passive countermeasures,-89.0257,42.505
798,UOF18-058C,2018-05-08 00:00:00,M,B,22.0,Passive countermeasures,-89.0257,42.505
799,UOF18-059A,2018-05-14 00:00:00,M,W,40.0,,-89.0257,42.505
800,UOF18-059B,2018-05-14 00:00:00,M,W,40.0,,-89.0257,42.505
801,UOF18-060A,2018-05-16 00:00:00,M,B,14.0,Stabilization,-89.0257,42.505
802,UOF18-060B,2018-05-16 00:00:00,M,B,14.0,Stabilization,-89.0257,42.505
803,UOF18-060C,2018-05-16 00:00:00,M,B,14.0,Stabilization,-89.0257,42.505
804,UOF18-060D,2018-05-16 00:00:00,M,B,14.0,Stabilization,-89.0257,42.505
805,UOF18-060E,2018-05-16 00:00:00,M,B,14.0,Stabilization,-89.0257,42.505
806,UOF18-061,2018-05-19 00:00:00,F,B,26.0,Passive Countermeasures,-89.0257,42.505
807,UOF18-062,2018-05-01 00:00:00,,,,OC spray to stop two dogs from fighting,-89.0257,42.505
808,UOF18-063A,2018-05-25 00:00:00,F,B,24.0,stabilization,-89.0257,42.505
809,UOF18-063B,2018-05-25 00:00:00,F,B,24.0,stabilization,-89.0257,42.505
810,UOF18-063C,2018-05-25 00:00:00,F,B,24.0,stabilization,-89.0257,42.505
811,UOF18-064,2018-05-29 00:00:00,M,W,39.0,Passive Countermeasures,-89.0257,42.505
812,UOF18-065A,2018-05-29 00:00:00,F,B,31.0,passive countermeasures,-89.0257,42.505
813,UOF18-065B,2018-05-29 00:00:00,F,B,31.0,passive countermeasures,-89.0257,42.505
814,UOF18-066A,2018-06-01 00:00:00,,,,,-89.0257,42.505
815,UOF18-066B,2018-06-01 00:00:00,,,,,-89.0257,42.505
816,UOF18-066C,2018-06-01 00:00:00,,,,,-89.0257,42.505
817,UOF18-066D,2018-06-01 00:00:00,,,,,-89.0257,42.505
818,UOF18-067,2018-06-19 00:00:00,W,M,41.0,stabilization,-89.0257,42.505
819,UOF18-068A,2018-06-16 00:00:00,M,B,26.0,Passive Countermeasures,-89.0257,42.505
820,UOF18-068B,2018-06-16 00:00:00,M,B,26.0,Passive Countermeasures,-89.0257,42.505
821,UOF18-068C,2018-06-16 00:00:00,M,B,26.0,Passive Countermeasures,-89.0257,42.505
822,UOF18-069A,2018-06-20 00:00:00,F,W,15.0,Stabilization in hospital bed,-89.0257,42.505
823,UOF18-069B,2018-06-20 00:00:00,F,W,15.0,Stabilization in hospital bed,-89.0257,42.505
824,UOF18-069C,2018-06-20 00:00:00,F,W,15.0,Stabilization in hospital bed,-89.0257,42.505
825,UOF18-070A,2018-06-19 00:00:00,W,M,41.0,stabilization,-89.0257,42.505
826,UOF18-070B,2018-06-19 00:00:00,W,M,41.0,stabilization Prevented jaws from swallowing pills,-89.0257,42.505
827,UOF18-071A,2018-06-23 00:00:00,M,B,26.0,stabilization,-89.0257,42.505
828,UOF18-071B,2018-06-23 00:00:00,M,B,26.0,stabilization,-89.0257,42.505
829,UOF18-072,2018-06-25 00:00:00,M,W,69.0,stabilization,-89.0257,42.505
830,UOF18-073A,2018-06-26 00:00:00,M,B,46.0,Stabilization,-89.0257,42.505
831,UOF18-073B,2018-06-26 00:00:00,M,B,46.0,Stabilization,-89.0257,42.505
