,incident_number,incident_date,subject_gender,suspect_age,lon,lat
0,B19-41460,2019-10-01,M,30,-86.525757,39.1636505
1,B19-42037,2019-10-04,M,42,-86.525757,39.1636505
2,B19-42212,2019-10-05,M,19,-86.525757,39.1636505
3,B19-42238,2019-10-05,M,40,-86.525757,39.1636505
4,B19-42269,2019-10-06,M,55,-86.525757,39.1636505
5,"B19-42426
",2019-10-07,M,16,-86.525757,39.1636505
6,B19-42530,2019-10-08,M,25,-86.525757,39.1636505
7,B19-42530,2019-10-08,M,25,-86.525757,39.1636505
8,"B19-42867
",2019-10-10,M,29,-86.525757,39.1636505
9,"B19-42872
",2019-10-10,M,68,-86.525757,39.1636505
10,B19-43135,2019-10-11,F,46,-86.525757,39.1636505
11,B19-43190,2019-10-12,M,24,-86.525757,39.1636505
12,B19-43419,2019-10-13,M,20,-86.525757,39.1636505
13,B19-44194,2019-10-18,F,28,-86.525757,39.1636505
14,"B19-44577
",2019-10-21,M,38,-86.525757,39.1636505
15,B19-44998,2019-10-24,M,18,-86.525757,39.1636505
16,B19-45111,2019-10-25,M,40,-86.525757,39.1636505
17,B19-45521,2019-10-28,M,32,-86.525757,39.1636505
18,B19-46043,2019-11-01,M,21,-86.525757,39.1636505
19,B19-46519,2019-11-04,M,23,-86.525757,39.1636505
20,B19-46793,2019-11-05,M,23,-86.525757,39.1636505
21,B19-46826,2019-11-06,M,39,-86.525757,39.1636505
22,B19-46908,2019-11-06,M,39,-86.525757,39.1636505
23,B19-46915,2019-11-06,M,15,-86.525757,39.1636505
24,B19-47167,2019-11-08,M,33,-86.525757,39.1636505
25,B19-47222,2019-11-09,M,38,-86.525757,39.1636505
26,B19-47346,2019-11-10,M,19,-86.525757,39.1636505
27,B19-47323,2019-11-09,M,31,-86.525757,39.1636505
28,B19-47323,2019-11-09,M,28,-86.525757,39.1636505
29,B19-47410,2019-11-10,F,56,-86.525757,39.1636505
30,B19-48202,2019-11-16,M,17,-86.525757,39.1636505
31,B19-48241,2019-11-16,M,41,-86.525757,39.1636505
32,B19-48257,2019-11-16,M,47,-86.525757,39.1636505
33,B19-48351,2019-11-17,M,43,-86.525757,39.1636505
34,B19-48371,2019-11-17,M,42,-86.525757,39.1636505
35,B19-48460,2019-11-18,M,24,-86.525757,39.1636505
36,B19-48881,2019-11-21,M,60,-86.525757,39.1636505
37,B19-48233,2019-11-25,F,26,-86.525757,39.1636505
38,B19-49464,2019-11-25,F,55,-86.525757,39.1636505
39,B19-49004,2019-11-26,M,15,-86.525757,39.1636505
40,B19-49936,2019-11-28,F,25,-86.525757,39.1636505
41,B19-49936,2019-11-28,M,34,-86.525757,39.1636505
42,B19-49986,2019-11-29,F,25,-86.525757,39.1636505
43,B19-50512,2019-12-03,M,28,-86.525757,39.1636505
44,B19-50932,2019-12-06,M,43,-86.525757,39.1636505
45,B19-51525,2019-12-10,M,40,-86.525757,39.1636505
46,B19-51173,2019-12-08,M,22,-86.525757,39.1636505
47,B19-51173,2019-12-08,M,29,-86.525757,39.1636505
48,B19-51601,2019-12-11,F,46,-86.525757,39.1636505
49,B19-52140,2019-12-15,M,38,-86.525757,39.1636505
50,B19-52140,2019-12-15,M,UNK,-86.525757,39.1636505
51,B19-52855,2019-12-20,M,37,-86.525757,39.1636505
52,B19-53782,2019-12-28,F,30,-86.525757,39.1636505
53,B19-53997,2019-12-30,M,17,-86.525757,39.1636505
54,B19-49465,2019-11-25,F,55,-86.525757,39.1636505
55,"B19-52810
",2019-12-20,M,31,-86.525757,39.1636505
56,B19-45741,2019-10-29,M,38,-86.525757,39.1636505
57,B19-53799,2019-12-28,M,22,-86.525757,39.1636505
58,B16-25577,2016-07-04,M,19,-86.525757,39.1636505
59,B16-25322,2016-07-05,M,19,-86.525757,39.1636505
60,B16-25600,2016-07-05,M,18,-86.525757,39.1636505
61,B16-25830,2016-07-08,F,24,-86.525757,39.1636505
62,B16-25830,2016-07-08,M,22,-86.525757,39.1636505
63,B16-25830,2016-07-08,M,23,-86.525757,39.1636505
64,B16-26061,2016-07-08,M,21,-86.525757,39.1636505
65,B16-26172,2016-07-09,M,25,-86.525757,39.1636505
66,B16-26209,2016-07-09,F,25,-86.525757,39.1636505
67,B16-26375,2016-07-10,M,25,-86.525757,39.1636505
68,B16-26466,2016-07-11,M,39,-86.525757,39.1636505
69,B16-26543,2016-07-12,M,59,-86.525757,39.1636505
70,B16-26687,2016-07-13,M,50,-86.525757,39.1636505
71,B16-26701,2016-07-13,M,27,-86.525757,39.1636505
72,B16-27021,2016-07-15,M,49,-86.525757,39.1636505
73,B16-27290,2016-07-16,M,19,-86.525757,39.1636505
74,B16-27327,2016-07-17,M,27,-86.525757,39.1636505
75,B16-27560,2016-07-18,M,35,-86.525757,39.1636505
76,B16-27746,2016-07-19,M,47,-86.525757,39.1636505
77,B16-27746,2016-07-19,M,31,-86.525757,39.1636505
78,B16-27759,2016-07-20,M,31,-86.525757,39.1636505
79,B16-27826,2016-07-20,M,38,-86.525757,39.1636505
80,B16-28118,2016-07-22,M,24,-86.525757,39.1636505
81,B16-28307,2016-07-23,M,47,-86.525757,39.1636505
82,B16-28665,2016-07-25,M,55,-86.525757,39.1636505
83,B16-28792,2016-07-26,M,29,-86.525757,39.1636505
84,B16-29526,2016-08-01,F,20,-86.525757,39.1636505
85,B16-29526,2016-08-01,M,28,-86.525757,39.1636505
86,B16-29766,2016-08-02,M,47,-86.525757,39.1636505
87,B16-30045,2016-08-04,M,20,-86.525757,39.1636505
88,B16-30056,2016-08-04,M,31,-86.525757,39.1636505
89,B16-30185,2016-08-04,M,22,-86.525757,39.1636505
90,B16-30377,2016-08-06,M,26,-86.525757,39.1636505
91,B16-30377,2016-08-06,M,27,-86.525757,39.1636505
92,B16-30377,2016-08-06,F,26,-86.525757,39.1636505
93,B16-30377,2016-08-06,M,49,-86.525757,39.1636505
94,B16-30377,2016-08-06,F,29,-86.525757,39.1636505
95,B16-30445,2016-08-06,M,49,-86.525757,39.1636505
96,B16-30587,2016-08-07,M,38,-86.525757,39.1636505
97,B16-30870,2016-08-09,M,45,-86.525757,39.1636505
98,B16-31181,2016-08-11,F,43,-86.525757,39.1636505
99,B16-31351,2016-08-12,M,19,-86.525757,39.1636505
100,B16-31635,2016-08-14,M,90,-86.525757,39.1636505
101,B16-31782,2016-08-15,M,25,-86.525757,39.1636505
102,B16-31782,2016-08-15,M,30,-86.525757,39.1636505
103,B16-31782,2016-08-15,M,27,-86.525757,39.1636505
104,B16-31782,2016-08-15,F,26,-86.525757,39.1636505
105,B16-31805,2016-08-15,M,39,-86.525757,39.1636505
106,B16-32038,2016-08-16,F,28,-86.525757,39.1636505
107,B16-32170,2016-08-17,M,58,-86.525757,39.1636505
108,B16-32381,2016-08-18,F,38,-86.525757,39.1636505
109,B16-32473,2016-08-19,M,19,-86.525757,39.1636505
110,B16-32750,2016-08-20,M,19,-86.525757,39.1636505
111,B16-32750,2016-08-20,F,20,-86.525757,39.1636505
112,B16-32750,2016-08-20,M,22,-86.525757,39.1636505
113,B16-32750,2016-08-20,M,20,-86.525757,39.1636505
114,B16-32952,2016-08-21,M,22,-86.525757,39.1636505
115,B16-33060,2016-08-21,M,23,-86.525757,39.1636505
116,B16-33130,2016-08-22,M,32,-86.525757,39.1636505
117,B16-33251,2016-08-22,M,23,-86.525757,39.1636505
118,B16-33267,2016-08-23,M,23,-86.525757,39.1636505
119,B16-33496,2016-08-24,M,31,-86.525757,39.1636505
120,B16-33550,2016-08-24,M,46,-86.525757,39.1636505
121,B16-33709,2016-08-25,F,26,-86.525757,39.1636505
122,B16-34092,2016-08-27,F,23,-86.525757,39.1636505
123,B16-34435,2016-08-30,M,44,-86.525757,39.1636505
124,B16-34659,2016-08-31,M,36,-86.525757,39.1636505
125,B16-34714,2016-08-31,M,38,-86.525757,39.1636505
126,B16-34809,2016-09-01,M,33,-86.525757,39.1636505
127,B16-33297,2016-09-02,M,34,-86.525757,39.1636505
128,B16-34989,2016-09-02,M,23,-86.525757,39.1636505
129,B16-35025,2016-09-02,M,20,-86.525757,39.1636505
130,B16-35025,2016-09-02,M,18,-86.525757,39.1636505
131,B16-35025,2016-09-02,M,19,-86.525757,39.1636505
132,B16-35058,2016-09-03,M,19,-86.525757,39.1636505
133,B16-35387,2016-09-05,M,28,-86.525757,39.1636505
134,B16-35588,2016-09-06,M,36,-86.525757,39.1636505
135,B16-35629,2016-09-06,M,50,-86.525757,39.1636505
136,B16-35693,2016-09-07,M,Unknown,-86.525757,39.1636505
137,B16-35851,2016-09-08,M,42,-86.525757,39.1636505
138,B16-36042,2016-09-09,M,31,-86.525757,39.1636505
139,B16-36100,2016-09-09,M,51,-86.525757,39.1636505
140,B16-36238,2016-09-10,M,36,-86.525757,39.1636505
141,B16-36268,2016-09-10,F,21,-86.525757,39.1636505
142,B16-36449,2016-09-12,M,21,-86.525757,39.1636505
143,B16-36605,2016-09-13,M,34,-86.525757,39.1636505
144,B16-29223,2016-09-15,M,32,-86.525757,39.1636505
145,B16-37121,2016-09-16,F,14,-86.525757,39.1636505
146,B16-37220,2016-09-17,M,21,-86.525757,39.1636505
147,B16-37621,2016-09-19,M,55,-86.525757,39.1636505
148,B16-37639,2016-09-19,M,27,-86.525757,39.1636505
149,B16-37815,2016-09-21,M,36,-86.525757,39.1636505
150,B16-37820,2016-09-21,M,21,-86.525757,39.1636505
151,B16-38659,2016-09-26,F,14,-86.525757,39.1636505
152,B16-38659,2016-09-26,F,24,-86.525757,39.1636505
153,B16-38659,2016-09-26,M,26,-86.525757,39.1636505
154,B16-38896,2016-09-28,M,31,-86.525757,39.1636505
155,B16-38855,2016-09-28,M,23,-86.525757,39.1636505
156,B16-39014,2016-09-29,F,31,-86.525757,39.1636505
157,B19-13093,2019-04-02,M,24,-86.525757,39.1636505
158,B19-13364,2019-04-04,M,33,-86.525757,39.1636505
159,B19-13639,2019-04-16,F,36,-86.525757,39.1636505
160,B19-13883,2019-04-07,M,28,-86.525757,39.1636505
161,B19-15043,2019-04-13,M,19,-86.525757,39.1636505
162,B19-15124,2019-04-14,M,26,-86.525757,39.1636505
163,B19-15139,2019-04-14,M,20,-86.525757,39.1636505
164,B19-15221,2019-04-14,M,31,-86.525757,39.1636505
165,B19-15325,2019-04-15,M,29,-86.525757,39.1636505
166,B19-15914,2019-04-19,F,38,-86.525757,39.1636505
167,B19-15959,2019-04-20,M,41,-86.525757,39.1636505
168,B19-16027,2019-04-20,F,39,-86.525757,39.1636505
169,B19-16343,2019-04-23,M,36,-86.525757,39.1636505
170,B19-16676,2019-04-25,M,26,-86.525757,39.1636505
171,B19-16766,2019-04-25,M,31,-86.525757,39.1636505
172,B19-16818,2019-04-25,M,38,-86.525757,39.1636505
173,B19-17037,2019-04-27,M,62,-86.525757,39.1636505
174,B19-17037,2019-04-27,M,25,-86.525757,39.1636505
175,B19-17385,2019-04-29,M,47,-86.525757,39.1636505
176,B19-17408,2019-04-30,M,18,-86.525757,39.1636505
177,B19-18044,2019-05-03,M,29,-86.525757,39.1636505
178,B19-18047,2019-05-03,M,66,-86.525757,39.1636505
179,B19-18072,2019-05-03,M,59,-86.525757,39.1636505
180,B19-18339,2019-05-06,M,49,-86.525757,39.1636505
181,B19-18441,2019-05-06,M,23,-86.525757,39.1636505
182,B19-18917,2019-05-09,F,27,-86.525757,39.1636505
183,B19-19310,2019-05-12,M,27,-86.525757,39.1636505
184,B19-19712,2019-05-14,F,37,-86.525757,39.1636505
185,B19-20169,2019-05-17,M,31,-86.525757,39.1636505
186,B19-20343,2019-05-19,M,25,-86.525757,39.1636505
187,B19-20806,2019-05-22,F,29,-86.525757,39.1636505
188,B19-20806,2019-05-22,M,23,-86.525757,39.1636505
189,B19-20806,2019-05-22,M,23,-86.525757,39.1636505
190,B19-20806,2019-05-22,M,34,-86.525757,39.1636505
191,B19-20806,2019-05-22,M,27,-86.525757,39.1636505
192,B19-20854,2019-05-28,M,25,-86.525757,39.1636505
193,B19-20905,2019-05-23,M,47,-86.525757,39.1636505
194,B19-20905,2019-05-23,M,50,-86.525757,39.1636505
195,B19-20998,2019-05-27,M,43,-86.525757,39.1636505
196,B19-21042,2019-05-23,F,45,-86.525757,39.1636505
197,B19-21200,2019-05-25,M,37,-86.525757,39.1636505
198,B19-21200,2019-05-25,M,55,-86.525757,39.1636505
199,B19-21282,2019-05-26,M,27,-86.525757,39.1636505
200,B19-21362,2019-05-28,M,60,-86.525757,39.1636505
201,B19-21407,2019-05-26,M,51,-86.525757,39.1636505
202,B19-21437,2019-05-26,F,27,-86.525757,39.1636505
203,B19-21456,2019-05-27,M,24,-86.525757,39.1636505
204,B19-21724,2019-05-29,M,25,-86.525757,39.1636505
205,B19-22649,2019-06-04,M,23,-86.525757,39.1636505
206,B19-22970,2019-06-05,F,33,-86.525757,39.1636505
207,B19-23057,2019-06-08,M,32,-86.525757,39.1636505
208,B19-23243,2019-06-08,M,23,-86.525757,39.1636505
209,B19-23341,2019-06-08,M,32,-86.525757,39.1636505
210,B19-23347,2019-06-08,F,25,-86.525757,39.1636505
211,B19-24272,2019-06-14,M,47,-86.525757,39.1636505
212,B19-24454,2019-06-15,F,81,-86.525757,39.1636505
213,B19-24832,2019-06-18,M,36,-86.525757,39.1636505
214,B19-24838*,2019-06-18,M,26,-86.525757,39.1636505
215,B19-25358,2019-06-22,F,24,-86.525757,39.1636505
216,B19-25358,2019-06-22,F,19,-86.525757,39.1636505
217,B19-25523,2019-06-23,M,34,-86.525757,39.1636505
218,B19-25625,2019-06-23,M,34,-86.525757,39.1636505
219,B19-25833,2019-06-25,M,27,-86.525757,39.1636505
220,B19-25937,2019-06-25,F,33,-86.525757,39.1636505
221,B19-26485,2019-06-28,F,44,-86.525757,39.1636505
222,B19-26485,2019-06-28,M,62,-86.525757,39.1636505
223,B19-26485,2019-06-28,M,44,-86.525757,39.1636505
224,B19-26747,2019-06-30,M,34,-86.525757,39.1636505
225,B19-26780,2019-06-30,M,27,-86.525757,39.1636505
226,B19-00259,2019-01-02,M,40,-86.525757,39.1636505
227,B19-00292,2019-01-03,M,25,-86.525757,39.1636505
228,B19-00321,2019-01-03,M,45,-86.525757,39.1636505
229,B19-00454,2019-01-04,M,37,-86.525757,39.1636505
230,B19-00737,2019-01-06,M,56,-86.525757,39.1636505
231,B19-00792,2019-01-06,M,28,-86.525757,39.1636505
232,B19-00792,2019-01-06,M,29,-86.525757,39.1636505
233,B19-00792,2019-01-06,M,22,-86.525757,39.1636505
234,B19-00824,2019-01-06,M,25,-86.525757,39.1636505
235,B19-00943,2019-01-07,F,35,-86.525757,39.1636505
236,B19-00943,2019-01-07,F,41,-86.525757,39.1636505
237,B19-01345,2019-01-10,M,26,-86.525757,39.1636505
238,B19-01426,2019-01-10,M,41,-86.525757,39.1636505
239,B19-01549,2019-01-11,M,23,-86.525757,39.1636505
240,B19-01633,2019-01-11,M,31,-86.525757,39.1636505
241,B19-01635,2019-01-11,M,23,-86.525757,39.1636505
242,B19-01654,2019-01-11,M,28,-86.525757,39.1636505
243,B19-01766,2019-01-13,M,37,-86.525757,39.1636505
244,B19-01766,2019-01-13,M,36,-86.525757,39.1636505
245,B19-01878,2019-01-14,M,36,-86.525757,39.1636505
246,B19-02039,2019-01-15,M,39,-86.525757,39.1636505
247,B19-02131,2019-01-15,F,40,-86.525757,39.1636505
248,B19-02174,2019-01-16,M,21,-86.525757,39.1636505
249,B19-02174,2019-01-16,F,22,-86.525757,39.1636505
250,B19-02329,2019-01-17,M,27,-86.525757,39.1636505
251,B19-02623,2019-01-18,M,28,-86.525757,39.1636505
252,B19-02639,2019-01-19,M,40,-86.525757,39.1636505
253,B19-02818,2019-01-20,M,25,-86.525757,39.1636505
254,B19-03409,2019-01-25,M,20,-86.525757,39.1636505
255,B19-03415,2019-01-25,M,21,-86.525757,39.1636505
256,B19-04264,2019-01-31,M,36,-86.525757,39.1636505
257,B19-04510,2019-02-02,M,39,-86.525757,39.1636505
258,B19-04600,2019-02-02,F,57,-86.525757,39.1636505
259,B19-04634,2019-02-02,F,25,-86.525757,39.1636505
260,B19-04635,2019-02-02,F,37,-86.525757,39.1636505
261,B19-04637,2019-02-02,M,34,-86.525757,39.1636505
262,B19-04659,2019-02-02,M,22,-86.525757,39.1636505
263,B19-04808,2019-02-04,M,48,-86.525757,39.1636505
264,B19-04980,2019-02-05,M,21,-86.525757,39.1636505
265,B19-05078,2019-02-06,M,31,-86.525757,39.1636505
266,B19-05160,2019-02-06,M,53,-86.525757,39.1636505
267,B19-05465,2019-02-08,F,14,-86.525757,39.1636505
268,B19-05611,2019-02-09,F,14,-86.525757,39.1636505
269,B19-05744,2019-02-10,M,24,-86.525757,39.1636505
270,B19-05807,2019-02-10,M,16,-86.525757,39.1636505
271,B19-05908,2019-02-11,M,27,-86.525757,39.1636505
272,B19-05908,2019-02-11,M,24,-86.525757,39.1636505
273,B19-05908,2019-02-11,M,23,-86.525757,39.1636505
274,B19-05956,2019-02-12,M,57,-86.525757,39.1636505
275,B19-06018,2019-02-12,M,17,-86.525757,39.1636505
276,B19-06372,2019-02-15,M,44,-86.525757,39.1636505
277,B19-06375,2019-02-15,M,33,-86.525757,39.1636505
278,B19-06750,2019-02-17,M,46,-86.525757,39.1636505
279,B19-06750,2019-02-17,M,46,-86.525757,39.1636505
280,B19-06782,2019-02-17,M,48,-86.525757,39.1636505
281,B19-06936,2019-02-19,M,34,-86.525757,39.1636505
282,B19-06936,2019-02-19,F,37,-86.525757,39.1636505
283,B19-06936,2019-02-19,F,35,-86.525757,39.1636505
284,B19-07129,2019-02-20,F,27,-86.525757,39.1636505
285,B19-07329,2019-02-21,M,42,-86.525757,39.1636505
286,B19-07516,2019-02-22,M,41,-86.525757,39.1636505
287,B19-07578,2019-02-23,M,24,-86.525757,39.1636505
288,B19-07578,2019-02-23,M,42,-86.525757,39.1636505
289,B19-07681,2019-02-23,M,26,-86.525757,39.1636505
290,B19-07743,2019-02-24,M,35,-86.525757,39.1636505
291,B19-07807,2019-02-24,M,59,-86.525757,39.1636505
292,B19-07928,2019-02-25,M,42,-86.525757,39.1636505
293,B19-08138,2019-02-27,M,31,-86.525757,39.1636505
294,B19-08160,2019-02-27,M,32,-86.525757,39.1636505
295,B19-08361,2019-02-28,M,22,-86.525757,39.1636505
296,B19-09109,2019-03-05,M,40,-86.525757,39.1636505
297,B19-09194,2019-03-05,F,54,-86.525757,39.1636505
298,B19-09483,2019-03-07,F,22,-86.525757,39.1636505
299,B19-09575,2019-03-08,M,35,-86.525757,39.1636505
300,B19-10201,2019-03-12,M,41,-86.525757,39.1636505
301,B19-10388,2019-03-14,M,16,-86.525757,39.1636505
302,B19-10415,2019-03-14,M,36,-86.525757,39.1636505
303,B19-10545,2019-03-15,M,46,-86.525757,39.1636505
304,B19-10712,2019-03-16,M,19,-86.525757,39.1636505
305,B19-10741,2019-03-16,M,59,-86.525757,39.1636505
306,B19-10770,2019-03-17,F,40,-86.525757,39.1636505
307,B19-10833,2019-03-17,M,40,-86.525757,39.1636505
308,B19-11353,2019-03-21,M,10,-86.525757,39.1636505
309,B19-11880,2019-03-24,M,47,-86.525757,39.1636505
310,B19-12161,2019-03-26,M,47,-86.525757,39.1636505
311,B19-12186,2019-03-27,M,28,-86.525757,39.1636505
312,B19-12285,2019-03-27,M,35,-86.525757,39.1636505
313,B19-12428,2019-03-28,M,35,-86.525757,39.1636505
314,B19-12514,2019-03-29,M,31,-86.525757,39.1636505
315,B16-39238,2016-10-01,M,19,-86.525757,39.1636505
316,B16-39200,2016-10-01,F,25,-86.525757,39.1636505
317,B16-39405,2016-10-03,M,19,-86.525757,39.1636505
318,B16-39779,2016-10-04,M,27,-86.525757,39.1636505
319,B16-39846,2016-10-05,M,26,-86.525757,39.1636505
320,B16-39846,2016-10-05,M,23,-86.525757,39.1636505
321,B16-39846,2016-10-05,M,22,-86.525757,39.1636505
322,B16-39846,2016-10-05,M,23,-86.525757,39.1636505
323,B16-40175,2016-10-07,M,23,-86.525757,39.1636505
324,B16-40360,2016-10-08,M,24,-86.525757,39.1636505
325,B16-40172,2016-10-09,M,20,-86.525757,39.1636505
326,B16-40579,2016-10-09,M,21,-86.525757,39.1636505
327,B16-40600,2016-10-10,M,49,-86.525757,39.1636505
328,B16-40857,2016-10-11,F,31,-86.525757,39.1636505
329,B16-41125,2016-10-13,M,36,-86.525757,39.1636505
330,B16-41259,2016-10-14,F,38,-86.525757,39.1636505
331,B16-41468,2016-10-15,M,24,-86.525757,39.1636505
332,B16-41611,2016-10-16,M,22,-86.525757,39.1636505
333,B16-41690,2016-10-17,M,18,-86.525757,39.1636505
334,B16-41608,2016-10-17,M,24,-86.525757,39.1636505
335,B16-42005,2016-10-19,M,33,-86.525757,39.1636505
336,B16-42293,2016-10-21,F,26,-86.525757,39.1636505
337,B16-42412,2016-10-22,M,16,-86.525757,39.1636505
338,B16-42773,2016-10-24,M,30,-86.525757,39.1636505
339,B16-43190,2016-10-27,M,11,-86.525757,39.1636505
340,B16-44252,2016-11-02,F,34,-86.525757,39.1636505
341,B16-44222,2016-11-02,M,39,-86.525757,39.1636505
342,B16-44380,2016-11-03,M,27,-86.525757,39.1636505
343,B16-44800,2016-11-06,M,20,-86.525757,39.1636505
344,B16-45090,2016-11-09,M,40,-86.525757,39.1636505
345,B16-45315,2016-11-10,F,25,-86.525757,39.1636505
346,B16-45943,2016-11-15,M,29,-86.525757,39.1636505
347,B16-46329,2016-11-17,M,32,-86.525757,39.1636505
348,B16-46655,2016-11-20,M,17,-86.525757,39.1636505
349,B16-46655,2016-11-20,M,19,-86.525757,39.1636505
350,B16-46655,2016-11-20,M,18,-86.525757,39.1636505
351,B16-46945,2016-11-22,M,30,-86.525757,39.1636505
352,B16-46945,2016-11-22,M,23,-86.525757,39.1636505
353,B16-46963,2016-11-22,M,21,-86.525757,39.1636505
354,B16-47773,2016-11-30,M,56,-86.525757,39.1636505
355,B16-47872,2016-12-01,M,19,-86.525757,39.1636505
356,B16-48134,2016-12-02,M,23,-86.525757,39.1636505
357,B16-48241,2016-12-03,M,47,-86.525757,39.1636505
358,B16-48262,2016-12-03,M,53,-86.525757,39.1636505
359,B16-48389,2016-12-04,M,58,-86.525757,39.1636505
360,B16-48487,2016-12-05,M,46,-86.525757,39.1636505
361,B16-48541,2016-12-06,M,22,-86.525757,39.1636505
362,B16-48744,2016-12-07,M,17,-86.525757,39.1636505
363,B16-48758,2016-12-07,M,33,-86.525757,39.1636505
364,B16-48899,2016-12-08,M,30,-86.525757,39.1636505
365,B16-49053,2016-12-09,M,48,-86.525757,39.1636505
366,B16-49099,2016-12-10,M,21,-86.525757,39.1636505
367,B16-49192,2016-12-10,M,32,-86.525757,39.1636505
368,B16-49431,2016-12-12,M,34,-86.525757,39.1636505
369,B16-50253,2016-12-20,M,23,-86.525757,39.1636505
370,B16-50253,2016-12-20,M,53,-86.525757,39.1636505
371,B16-50294,2016-12-20,M,48,-86.525757,39.1636505
372,B16-50574,2016-12-22,M,29,-86.525757,39.1636505
373,B16-50785,2016-12-25,M,35,-86.525757,39.1636505
374,B16-50826,2016-12-25,M,28,-86.525757,39.1636505
375,B16-51003,2016-12-28,M,26,-86.525757,39.1636505
376,B16-51034,2016-12-28,M,23,-86.525757,39.1636505
377,B16-41004,,M,30,-86.525757,39.1636505
378,B16-12221,2016-04-01,M,33,-86.525757,39.1636505
379,B16-12238,2016-04-01,M,25,-86.525757,39.1636505
380,B16-12238,2016-04-01,F,26,-86.525757,39.1636505
381,B16-12261,2016-04-02,M,25,-86.525757,39.1636505
382,B16-12310,2016-04-02,M,53,-86.525757,39.1636505
383,B16-13009,2016-04-07,M,35,-86.525757,39.1636505
384,B16-13450,2016-04-10,M,20,-86.525757,39.1636505
385,B16-14297,2016-04-16,M,42,-86.525757,39.1636505
386,B16-14540,2016-04-17,M,22,-86.525757,39.1636505
387,B16-14701,2016-04-18,F,16,-86.525757,39.1636505
388,B16-14763,2016-04-18,M,27,-86.525757,39.1636505
389,B16-14831,2016-04-18,M,23,-86.525757,39.1636505
390,B16-14833,2016-04-19,F,57,-86.525757,39.1636505
391,B16-14965,2016-04-19,M,52,-86.525757,39.1636505
392,B16-15191,2016-04-21,M,21,-86.525757,39.1636505
393,B16-15350,2016-04-22,M,47,-86.525757,39.1636505
394,B16-15360,2016-04-22,M,25,-86.525757,39.1636505
395,B16-15567,2016-04-24,M,20,-86.525757,39.1636505
396,B16-15624,2016-04-24,M,27,-86.525757,39.1636505
397,B16-15786,2016-04-26,M,26,-86.525757,39.1636505
398,B16-15796,2016-04-26,M,24,-86.525757,39.1636505
399,B16-15911,2016-04-26,M,23,-86.525757,39.1636505
400,B16-16042,2016-04-27,M,66,-86.525757,39.1636505
401,B16-16111,2016-04-28,F,20,-86.525757,39.1636505
402,B16-16111,2016-04-28,M,25,-86.525757,39.1636505
403,B16-16111,2016-04-28,M,26,-86.525757,39.1636505
404,B16-16173,2016-04-28,M,40,-86.525757,39.1636505
405,B16-16189,2016-04-29,M,23,-86.525757,39.1636505
406,B16-16428,2016-04-30,M,25,-86.525757,39.1636505
407,B16-16495,2016-05-01,F,16,-86.525757,39.1636505
408,B16-16495,2016-05-01,F,15,-86.525757,39.1636505
409,B16-16495,2016-05-01,F,15,-86.525757,39.1636505
410,B16-16495,2016-05-01,F,16,-86.525757,39.1636505
411,B16-16495,2016-05-01,M,16,-86.525757,39.1636505
412,B16-16495,2016-05-01,M,16,-86.525757,39.1636505
413,B16-16522,2016-05-01,M,28,-86.525757,39.1636505
414,B16-17062,2016-05-05,F,27,-86.525757,39.1636505
415,B16-17064,2016-05-05,M,48,-86.525757,39.1636505
416,B16-17119,2016-05-05,M,46,-86.525757,39.1636505
417,B16-17295,2016-05-06,M,27,-86.525757,39.1636505
418,B16-17541,2016-05-08,M,20,-86.525757,39.1636505
419,B16-17555,2016-05-08,F,21,-86.525757,39.1636505
420,B16-17719,2016-05-09,M,23,-86.525757,39.1636505
421,B16-17868,2016-05-10,M,45,-86.525757,39.1636505
422,B16-18052,2016-05-12,M,31,-86.525757,39.1636505
423,B16-18270,2016-05-13,M,48,-86.525757,39.1636505
424,B16-18389,2016-05-14,M,43,-86.525757,39.1636505
425,B16-18389,2016-05-14,F,33,-86.525757,39.1636505
426,B16-19084,2016-05-19,M,22,-86.525757,39.1636505
427,B16-20025,2016-05-26,F,20,-86.525757,39.1636505
428,B16-20292,2016-05-28,F,22,-86.525757,39.1636505
429,B16-20605,2016-05-31,M,18,-86.525757,39.1636505
430,B16-20610,2016-05-31,M,22,-86.525757,39.1636505
431,B16-20833,2016-06-01,F,30,-86.525757,39.1636505
432,B16-21102,2016-06-03,M,31,-86.525757,39.1636505
433,B16-21225,2016-06-04,M,18,-86.525757,39.1636505
434,B16-21225,2016-06-04,M,22,-86.525757,39.1636505
435,B16-21294,2016-06-04,F,46,-86.525757,39.1636505
436,B16-21295,2016-06-04,M,59,-86.525757,39.1636505
437,B16-21435,2016-06-05,F,23,-86.525757,39.1636505
438,B16-21435,2016-06-05,M,26,-86.525757,39.1636505
439,B16-21871,2016-06-08,M,49,-86.525757,39.1636505
440,B16-22068,2016-06-10,F,26,-86.525757,39.1636505
441,B16-22300,2016-06-11,M,21,-86.525757,39.1636505
442,B16-22356,2016-06-12,M,26,-86.525757,39.1636505
443,B16-22477,2016-06-13,M,36,-86.525757,39.1636505
444,B16-23317,2016-06-19,M,37,-86.525757,39.1636505
445,B16-23325,2016-06-19,M,26,-86.525757,39.1636505
446,B16-23403,2016-06-19,M,27,-86.525757,39.1636505
447,B16-23442,2016-06-19,M,27,-86.525757,39.1636505
448,B16-23461,2016-06-20,M,15,-86.525757,39.1636505
449,B16-23871,2016-06-22,F,50,-86.525757,39.1636505
450,B16-24278,2016-06-22,M,27,-86.525757,39.1636505
451,B16-23909,2016-06-23,M,39,-86.525757,39.1636505
452,B16-24881,2016-06-29,M,30,-86.525757,39.1636505
453,B16-24607,2016-06-30,F,17,-86.525757,39.1636505
454,B16-24607,2016-06-30,M,19,-86.525757,39.1636505
455,B16-24951,2016-06-30,F,17,-86.525757,39.1636505
456,B16-25013,2016-06-30,M,23,-86.525757,39.1636505
457,B16-00007,2016-01-01,M,22,-86.525757,39.1636505
458,B16-00250,2016-01-03,M,15,-86.525757,39.1636505
459,B16-00256,2016-01-03,F,33,-86.525757,39.1636505
460,B16-00256,2016-01-03,M,32,-86.525757,39.1636505
461,B16-00743,2016-01-07,F,24,-86.525757,39.1636505
462,B16-00743,2016-01-07,M,42,-86.525757,39.1636505
463,B16-00197,2016-01-08,M,35,-86.525757,39.1636505
464,B16-01079,2016-01-09,M,43,-86.525757,39.1636505
465,B15-53281,2016-01-13,M,52,-86.525757,39.1636505
466,B16-01551,2016-01-13,M,52,-86.525757,39.1636505
467,B16-01697,2016-01-14,M,29,-86.525757,39.1636505
468,B16-02052,2016-01-16,M,22,-86.525757,39.1636505
469,B16-02916,2016-01-23,M,23,-86.525757,39.1636505
470,B16-02916,2016-01-23,M,29,-86.525757,39.1636505
471,B16-03085,2016-01-24,F,27,-86.525757,39.1636505
472,B16-03466,2016-01-27,M,54,-86.525757,39.1636505
473,B16-03523,2016-01-27,F,30,-86.525757,39.1636505
474,B16-03472,2016-01-28,M,17,-86.525757,39.1636505
475,B16-03605,2016-01-28,M,17,-86.525757,39.1636505
476,B16-03728,2016-01-29,M,17,-86.525757,39.1636505
477,B16-04308,2016-02-01,M,21,-86.525757,39.1636505
478,B16-04308,2016-02-01,M,25,-86.525757,39.1636505
479,B16-05168,2016-02-09,M,16,-86.525757,39.1636505
480,B16-05204,2016-02-09,M,42,-86.525757,39.1636505
481,B16-05391,2016-02-11,M,48,-86.525757,39.1636505
482,B16-05641,2016-02-13,M,21,-86.525757,39.1636505
483,B16-05881,2016-02-15,M,23,-86.525757,39.1636505
484,B16-06101,2016-02-17,M,23,-86.525757,39.1636505
485,B16-06114,2016-02-17,M,23,-86.525757,39.1636505
486,B16-06394,2016-02-19,M,26,-86.525757,39.1636505
487,B16-06582,2016-02-20,M,53,-86.525757,39.1636505
488,B16-07108,2016-02-24,M,40,-86.525757,39.1636505
489,B16-07896,2016-03-01,M,45,-86.525757,39.1636505
490,B16-07951,2016-03-02,M,42,-86.525757,39.1636505
491,B16-08092,2016-03-03,M,37,-86.525757,39.1636505
492,B16-08407,2016-03-05,M,39,-86.525757,39.1636505
493,B16-08424,2016-03-05,M,27,-86.525757,39.1636505
494,B16-08857,2016-03-08,F,37,-86.525757,39.1636505
495,B16-09294,2016-03-10,M,43,-86.525757,39.1636505
496,B16-09489,2016-03-12,M,39,-86.525757,39.1636505
497,B16-09562,2016-03-12,M,30,-86.525757,39.1636505
498,B16-09618,2016-03-13,M,41,-86.525757,39.1636505
499,B16-09618,2016-03-13,M,24,-86.525757,39.1636505
500,B16-09943,2016-03-15,M,45,-86.525757,39.1636505
501,B16-10225,2016-03-18,M,32,-86.525757,39.1636505
502,B16-10369,2016-03-20,M,33,-86.525757,39.1636505
503,B16-10536,2016-03-20,F,25,-86.525757,39.1636505
504,B16-10688,2016-03-21,M,27,-86.525757,39.1636505
505,B16-10875,2016-03-23,M,34,-86.525757,39.1636505
506,B16-09855,2016-03-27,M,21,-86.525757,39.1636505
507,B16-11478,2016-03-27,M,16,-86.525757,39.1636505
508,B16-11533,2016-03-28,M,48,-86.525757,39.1636505
509,B16-11902,2016-03-30,F,29,-86.525757,39.1636505
510,B18-26349,2018-07-02,M,32,-86.525757,39.1636505
511,B18-26560,2018-07-03,M,37,-86.525757,39.1636505
512,B18-26502,2018-07-04,M,24,-86.525757,39.1636505
513,b18-27186,2018-07-08,M,26,-86.525757,39.1636505
514,B18-27193,2018-07-08,M,21,-86.525757,39.1636505
515,B18-27295,2018-07-09,F,19,-86.525757,39.1636505
516,B18-27538,2018-07-10,M,20,-86.525757,39.1636505
517,B18-27742,2018-07-12,M,44,-86.525757,39.1636505
518,B18-28019,2018-07-13,F,41,-86.525757,39.1636505
519,B18-28216,2018-07-15,F,23,-86.525757,39.1636505
520,B18-28224,2018-07-15,M,24,-86.525757,39.1636505
521,B18-28216,2018-07-15,M,19,-86.525757,39.1636505
522,B18-28609,2018-07-17,M,50,-86.525757,39.1636505
523,B18-28695,2018-07-18,M,24,-86.525757,39.1636505
524,B18-29127,2018-07-20,M,60,-86.525757,39.1636505
525,B18-29724,2018-07-25,M,25,-86.525757,39.1636505
526,B18-29779,2018-07-25,M,26,-86.525757,39.1636505
527,B18-29831,2018-07-25,M,18,-86.525757,39.1636505
528,B18-29831,2018-07-25,M,18,-86.525757,39.1636505
529,B18-29942,2018-07-26,F,23,-86.525757,39.1636505
530,B18-29880,2018-07-26,M,25,-86.525757,39.1636505
531,B18-30120,2018-07-27,F,35,-86.525757,39.1636505
532,B18-30084,2018-07-27,M,24,-86.525757,39.1636505
533,B18-30236,2018-07-28,M,56,-86.525757,39.1636505
534,B18-30203,2018-07-29,M,27,-86.525757,39.1636505
535,B18-30421,2018-07-30,M,31,-86.525757,39.1636505
536,B18-30539,2018-07-30,F,32,-86.525757,39.1636505
537,B18-30421,2018-07-30,M,26,-86.525757,39.1636505
538,B18-30747,2018-08-01,M,45,-86.525757,39.1636505
539,B18-30824,2018-08-01,M,57,-86.525757,39.1636505
540,B18-30877,2018-08-02,M,42,-86.525757,39.1636505
541,B18-31012,2018-08-03,M,21,-86.525757,39.1636505
542,B18-31139,2018-08-03,M,62,-86.525757,39.1636505
543,B18-31532,2018-08-06,M,26,-86.525757,39.1636505
544,B18-31711,2018-08-07,M,26,-86.525757,39.1636505
545,B18-31808,2018-08-08,M,19,-86.525757,39.1636505
546,B18-31940,2018-08-09,M,42,-86.525757,39.1636505
547,B18-32110,2018-08-10,M,40,-86.525757,39.1636505
548,B18-32569,2018-08-13,M,33,-86.525757,39.1636505
549,B18-32577,2018-08-13,M,26,-86.525757,39.1636505
550,B18-32852,2018-08-14,M,43,-86.525757,39.1636505
551,B18-33037,2018-08-16,M,20,-86.525757,39.1636505
552,B18-33193,2018-08-17,M,20,-86.525757,39.1636505
553,B18-33194,2018-08-17,M,25,-86.525757,39.1636505
554,B18-33303,2018-08-17,M,46,-86.525757,39.1636505
555,B18-33542,2018-08-19,F,34,-86.525757,39.1636505
556,B18-33670,2018-08-19,M,30,-86.525757,39.1636505
557,B18-33685,2018-08-19,M,13,-86.525757,39.1636505
558,B18-33703,2018-08-20,M,23,-86.525757,39.1636505
559,B18-33816,2018-08-20,M,25,-86.525757,39.1636505
560,B18-34433,2018-08-24,M,37,-86.525757,39.1636505
561,B18-34575,2018-08-25,M,48,-86.525757,39.1636505
562,B18-35217,2018-08-29,M,10,-86.525757,39.1636505
563,B18-35718,2018-09-01,M,26,-86.525757,39.1636505
564,B18-35726,2018-09-01,M,34,-86.525757,39.1636505
565,B18-36213,2018-09-04,M,44,-86.525757,39.1636505
566,B18-36435,2018-09-06,M,36,-86.525757,39.1636505
567,B18-37421,2018-09-13,M,54,-86.525757,39.1636505
568,B18-37736,2018-09-14,M,16,-86.525757,39.1636505
569,B18-37849,2018-09-15,M,23,-86.525757,39.1636505
570,B18-37861,2018-09-15,M,21,-86.525757,39.1636505
571,B18-37932,2018-09-15,M,51,-86.525757,39.1636505
572,B18-38105,2018-09-16,M,32,-86.525757,39.1636505
573,B18-39443,2018-09-25,M,31,-86.525757,39.1636505
574,B18-39401,2018-09-25,M,38,-86.525757,39.1636505
575,B18-39744,2018-09-28,M,30,-86.525757,39.1636505
576,B18-39819,2018-09-28,M,20,-86.525757,39.1636505
577,B18-39912,2018-09-28,F,54,-86.525757,39.1636505
578,B18-39868,2018-09-28,M,19,-86.525757,39.1636505
579,B18-12904,2018-04-01,M,20,-86.525757,39.1636505
580,B18-13036,2018-04-02,M,25,-86.525757,39.1636505
581,B18-13435,2018-04-05,F,20,-86.525757,39.1636505
582,B18-13484,2018-04-05,M,18,-86.525757,39.1636505
583,B18-13484,2018-04-05,M,22,-86.525757,39.1636505
584,B18-13484,2018-04-05,F,19,-86.525757,39.1636505
585,B18-13484,2018-04-05,M,21,-86.525757,39.1636505
586,B18-13504,2018-04-06,F,23,-86.525757,39.1636505
587,B18-13614,2018-04-06,M,38,-86.525757,39.1636505
588,B18-13807,2018-04-08,M,32,-86.525757,39.1636505
589,B18-13933,2018-04-09,M,37,-86.525757,39.1636505
590,B18-14151,2018-04-10,M,26,-86.525757,39.1636505
591,B18-14254,2018-04-11,M,33,-86.525757,39.1636505
592,B18-14618,2018-04-13,M,42,-86.525757,39.1636505
593,B18-14652,2018-04-13,F,25,-86.525757,39.1636505
594,B18-14657 ,2018-04-13,M,25,-86.525757,39.1636505
595,B18-14767,2018-04-14,M,23,-86.525757,39.1636505
596,B18-14781,2018-04-14,M,29,-86.525757,39.1636505
597,B18-14851,2018-04-15,M,19,-86.525757,39.1636505
598,B18-14908,2018-04-15,F,42,-86.525757,39.1636505
599,B18-14960,2018-04-15,M,25,-86.525757,39.1636505
600,B18-14851,2018-04-15,M,18,-86.525757,39.1636505
601,B18-14975,2018-04-16,M,30,-86.525757,39.1636505
602,B18-15208,2018-04-17,F,46,-86.525757,39.1636505
603,B18-15254,2018-04-17,M,19,-86.525757,39.1636505
604,B18-15408,2018-04-18,M,40,-86.525757,39.1636505
605,B18-15605,2018-04-20,M,21,-86.525757,39.1636505
606,B18-15804,2018-04-21,M,22,-86.525757,39.1636505
607,B18-16221,2018-04-22,F,34,-86.525757,39.1636505
608,B18-16362,2018-04-23,M,53,-86.525757,39.1636505
609,B18-16370,2018-04-23,M,32,-86.525757,39.1636505
610,B18-16374,2018-04-23,M,48,-86.525757,39.1636505
611,B18-16487,2018-04-24,M,51,-86.525757,39.1636505
612,B18-16730,2018-04-25,M,31,-86.525757,39.1636505
613,B18-17210,2018-04-28,M,39,-86.525757,39.1636505
614,B18-17269,2018-04-29,M,32,-86.525757,39.1636505
615,B18-17320,2018-04-29,F,25,-86.525757,39.1636505
616,B18-17532,2018-04-30,M,35,-86.525757,39.1636505
617,B18-18021,2018-05-04,M,32,-86.525757,39.1636505
618,B18-18285,2018-05-05,M,59,-86.525757,39.1636505
619,B18-18844,2018-05-09,M,31,-86.525757,39.1636505
620,B18-18931,2018-05-10,M,50,-86.525757,39.1636505
621,B18-18934,2018-05-10,M,35,-86.525757,39.1636505
622,B18-19082,2018-05-11,F,26,-86.525757,39.1636505
623,B18-19242,2018-05-12,M,51,-86.525757,39.1636505
624,B18-19263,2018-05-12,M,45,-86.525757,39.1636505
625,B18-19273,2018-05-12,M,36,-86.525757,39.1636505
626,B18-19442,2018-05-14,M,31,-86.525757,39.1636505
627,B18-19826,2018-05-16,M,16,-86.525757,39.1636505
628,B18-19866,2018-05-17,F,27,-86.525757,39.1636505
629,B18-19886,2018-05-17,M,54,-86.525757,39.1636505
630,B18-19953,2018-05-17,F,33,-86.525757,39.1636505
631,B18-19959,2018-05-17,M,56,-86.525757,39.1636505
632,B18-19975,2018-05-17,F,30,-86.525757,39.1636505
633,B18-20431,2018-05-21,M,30,-86.525757,39.1636505
634,B18-20619,2018-05-22,M,38,-86.525757,39.1636505
635,B18-20634,2018-05-22,F,34,-86.525757,39.1636505
636,B18-20634,2018-05-22,M,19,-86.525757,39.1636505
637,B18-21018,2018-05-25,F,43,-86.525757,39.1636505
638,B18-21100,2018-05-26,M,25,-86.525757,39.1636505
639,B18-21151,2018-05-26,F,13,-86.525757,39.1636505
640,B18-21164,2018-05-26,M,41,-86.525757,39.1636505
641,B18-21665,2018-05-30,M,24,-86.525757,39.1636505
642,B18-23406,2018-06-01,M,26,-86.525757,39.1636505
643,B18-22201,2018-06-03,M,28,-86.525757,39.1636505
644,B18-22201,2018-06-03,M,23,-86.525757,39.1636505
645,B18-23004,2018-06-08,F,35,-86.525757,39.1636505
646,B18-23426,2018-06-11,M,36,-86.525757,39.1636505
647,B18-23498,2018-06-12,M,39,-86.525757,39.1636505
648,B18-24144,2018-06-16,M,26,-86.525757,39.1636505
649,B18-24264,2018-06-17,M,34,-86.525757,39.1636505
650,B18-24643,2018-06-20,M,40,-86.525757,39.1636505
651,B18-24808,2018-06-21,M,60,-86.525757,39.1636505
652,B18-25105,2018-06-23,M,28,-86.525757,39.1636505
653,B18-25500,2018-06-25,F,46,-86.525757,39.1636505
654,B18-25500,2018-06-25,M,35,-86.525757,39.1636505
655,B18-26089,2018-06-30,M,57,-86.525757,39.1636505
656,B20-00125,2020-01-01,F,17,-86.525757,39.1636505
657,B20-00102,2020-01-01,M,47,-86.525757,39.1636505
658,B20-00125,2020-01-01,F,18,-86.525757,39.1636505
659,B20-00125,2020-01-01,F,17,-86.525757,39.1636505
660,B20-00125,2020-01-01,F,16,-86.525757,39.1636505
661,B20-00347,2020-01-03,F,24,-86.525757,39.1636505
662,B20-00274,2020-01-03,M,43,-86.525757,39.1636505
663,B19-42354,2020-01-04,F,31,-86.525757,39.1636505
664,B20-00914,2020-01-08,M,24,-86.525757,39.1636505
665,B20-00859,2020-01-08,M,24,-86.525757,39.1636505
666,B20-01182,2020-01-09,M,29,-86.525757,39.1636505
667,B20-01071,2020-01-09,M,29,-86.525757,39.1636505
668,B20-01663,2020-01-13,F,25,-86.525757,39.1636505
669,B20-01724,2020-01-13,M,19,-86.525757,39.1636505
670,B20-01681,2020-01-13,M,43,-86.525757,39.1636505
671,B20-02007,2020-01-15,M,28,-86.525757,39.1636505
672,B20-02344,2020-01-17,M,24,-86.525757,39.1636505
673,B20-02452,2020-01-17,F,25,-86.525757,39.1636505
674,B20-02913,2020-01-20,M,26,-86.525757,39.1636505
675,B20-03168,2020-01-22,M,45,-86.525757,39.1636505
676,B20-03487,2020-01-24,M,48,-86.525757,39.1636505
677,B20-03506,2020-01-24,M,27,-86.525757,39.1636505
678,B20-03646,2020-01-25,M,31,-86.525757,39.1636505
679,B20-03594,2020-01-25,M,16,-86.525757,39.1636505
680,B20-03683,2020-01-25,M,15,-86.525757,39.1636505
681,B20-04362,2020-01-30,F,39,-86.525757,39.1636505
682,B20-04442,2020-01-31,M,27,-86.525757,39.1636505
683,B20-04617,2020-02-01,F,17,-86.525757,39.1636505
684,B20-04694,2020-02-01,M,22,-86.525757,39.1636505
685,B20-05018,2020-02-03,F,21,-86.525757,39.1636505
686,B20-05100,2020-02-04,M,35,-86.525757,39.1636505
687,B20-05202,2020-02-04,F,32,-86.525757,39.1636505
688,B20-05286,2020-02-05,M,27,-86.525757,39.1636505
689,B20-05662,2020-02-07,F,36,-86.525757,39.1636505
690,B20-06189,2020-02-11,F,54,-86.525757,39.1636505
691,B20-06189,2020-02-11,M,46,-86.525757,39.1636505
692,B20-06329,2020-02-12,M,42,-86.525757,39.1636505
693,B20-06484,2020-02-13,M,52,-86.525757,39.1636505
694,B20-06503,2020-02-14,M,27,-86.525757,39.1636505
695,B20-06763,2020-02-15,M,21,-86.525757,39.1636505
696,B20-07054,2020-02-17,F,40,-86.525757,39.1636505
697,B20-07318,2020-02-19,M,48,-86.525757,39.1636505
698,B20-07470,2020-02-20,M,28,-86.525757,39.1636505
699,B20-08068,2020-02-23,M,50,-86.525757,39.1636505
700,B20-08444,2020-02-26,F,28,-86.525757,39.1636505
701,B20-08549,2020-02-27,M,30,-86.525757,39.1636505
702,B20-08569,2020-02-27,M,25,-86.525757,39.1636505
703,B20-08817,2020-02-28,M,26,-86.525757,39.1636505
704,B20-08728,2020-02-29,F,33,-86.525757,39.1636505
705,B20-09123,2020-03-01,M,31,-86.525757,39.1636505
706,B20-09272,2020-03-02,M,58,-86.525757,39.1636505
707,B20-09316,2020-03-02,F,51,-86.525757,39.1636505
708,B20-09316,2020-03-02,M,18,-86.525757,39.1636505
709,B20-09359,2020-03-03,M,33,-86.525757,39.1636505
710,B20-09677,2020-03-04,M,39,-86.525757,39.1636505
711,B20-09725,2020-03-04,M,32,-86.525757,39.1636505
712,B20-09741,2020-03-05,M,56,-86.525757,39.1636505
713,B20-09755,2020-03-05,M,44,-86.525757,39.1636505
714,B20-09946,2020-03-06,M,31,-86.525757,39.1636505
715,B20-09484,2020-03-06,M,30,-86.525757,39.1636505
716,B20-10327,2020-03-08,F,35,-86.525757,39.1636505
717,B20-11424,2020-03-15,M,20,-86.525757,39.1636505
718,B20-11424,2020-03-15,M,20,-86.525757,39.1636505
719,B20-11572,2020-03-17,M,37,-86.525757,39.1636505
720,B20-11754,2020-03-18,M,31,-86.525757,39.1636505
721,B20-11885,2020-03-19,M,54,-86.525757,39.1636505
722,B20-12069,2020-03-21,M,35,-86.525757,39.1636505
723,B20-12050,2020-03-21,M,33,-86.525757,39.1636505
724,B20-12366,2020-03-25,M,51,-86.525757,39.1636505
725,B20-12366,2020-03-25,M,54,-86.525757,39.1636505
726,B20-12366,2020-03-25,F,39,-86.525757,39.1636505
727,B20-12366,2020-03-25,M,44,-86.525757,39.1636505
728,B20-12395,2020-03-25,M,32,-86.525757,39.1636505
729,B20-12686,2020-03-28,M,31,-86.525757,39.1636505
730,B20-12751,2020-03-28,M,34,-86.525757,39.1636505
731,B20-12964,2020-03-31,M,31,-86.525757,39.1636505
732,B18-35718,2018-09-01,M,26,-86.525757,39.1636505
733,B18-35726,2018-09-01,M,34,-86.525757,39.1636505
734,B18-36213,2018-09-04,M,44,-86.525757,39.1636505
735,B18-36435,2018-09-06,M,36,-86.525757,39.1636505
736,B18-37421,2018-09-13,M,54,-86.525757,39.1636505
737,B18-37736,2018-09-14,M,16,-86.525757,39.1636505
738,B18-37849,2018-09-15,M,23,-86.525757,39.1636505
739,B18-37861,2018-09-15,M,21,-86.525757,39.1636505
740,B18-37932,2018-09-15,M,51,-86.525757,39.1636505
741,B18-38105,2018-09-16,M,32,-86.525757,39.1636505
742,B18-39443,2018-09-25,M,31,-86.525757,39.1636505
743,B18-39401,2018-09-25,M,38,-86.525757,39.1636505
744,B18-39744,2018-09-28,M,30,-86.525757,39.1636505
745,B18-39819,2018-09-28,M,20,-86.525757,39.1636505
746,B18-39912,2018-09-28,F,54,-86.525757,39.1636505
747,B18-39868,2018-09-28,M,19,-86.525757,39.1636505
748,B18-39601,2018-10-03,M,35,-86.525757,39.1636505
749,B18-39601,2018-10-03,M,41,-86.525757,39.1636505
750,B18-40850,2018-10-04,F,59,-86.525757,39.1636505
751,B18-40762,2018-10-04,M,33,-86.525757,39.1636505
752,B18-41167,2018-10-06,M,15,-86.525757,39.1636505
753,B18-41167,2018-10-06,F,36,-86.525757,39.1636505
754,B18-41167,2018-10-06,M,29,-86.525757,39.1636505
755,B18-41443,2018-10-08,F,17,-86.525757,39.1636505
756,B18-41450,2018-10-08,F,15,-86.525757,39.1636505
757,B18-41660,2018-10-09,F,36,-86.525757,39.1636505
758,B18-41827,2018-10-10,M,26,-86.525757,39.1636505
759,B18-41827,2018-10-10,M,40,-86.525757,39.1636505
760,B18-41850,2018-10-11,M,40,-86.525757,39.1636505
761,B18-42178,2018-10-13,M,22,-86.525757,39.1636505
762,B18-42295,2018-10-13,M,31,-86.525757,39.1636505
763,B18-42529,2018-10-15,F,70,-86.525757,39.1636505
764,B18-42899,2018-10-18,M,36,-86.525757,39.1636505
765,B18-43979,2018-10-20,M,38,-86.525757,39.1636505
766,B18-43749,2018-10-24,M,51,-86.525757,39.1636505
767,B18-43942,2018-10-25,M,46,-86.525757,39.1636505
768,B18-44035,2018-10-26,M,29,-86.525757,39.1636505
769,B18-44732,2018-10-30,F,26,-86.525757,39.1636505
770,B18-45347,2018-11-03,M,23,-86.525757,39.1636505
771,B18-45506,2018-11-04,F,36,-86.525757,39.1636505
772,B18-46052,2018-11-07,M,24,-86.525757,39.1636505
773,B18-46052,2018-11-07,F,25,-86.525757,39.1636505
774,B18-46052,2018-11-07,M,20,-86.525757,39.1636505
775,B18-46052,2018-11-07,M,32,-86.525757,39.1636505
776,B18-45920,2018-11-07,M,35,-86.525757,39.1636505
777,B18-46052,2018-11-07,M,24,-86.525757,39.1636505
778,B18-46613,2018-11-12,M,30,-86.525757,39.1636505
779,B18-46803,2018-11-13,M,20,-86.525757,39.1636505
780,B18-46865,2018-11-14,M,21,-86.525757,39.1636505
781,B18-47287,2018-11-17,M,17,-86.525757,39.1636505
782,B18-47450,2018-11-18,F,34,-86.525757,39.1636505
783,B18-47450,2018-11-18,M,49,-86.525757,39.1636505
784,B18-47450,2018-11-18,M,28,-86.525757,39.1636505
785,B18-47472,2018-11-18,M,54,-86.525757,39.1636505
786,B18-47511,2018-11-19,M,32,-86.525757,39.1636505
787,B18-47511,2018-11-19,F,25,-86.525757,39.1636505
788,B18-47847,2018-11-21,M,29,-86.525757,39.1636505
789,B18-48305,2018-11-26,M,35,-86.525757,39.1636505
790,B18-48552,2018-11-28,M,37,-86.525757,39.1636505
791,B18-485656,2018-11-28,F,35,-86.525757,39.1636505
792,B18-47530,2018-11-29,M,27,-86.525757,39.1636505
793,B18-48786,2018-11-29,F,34,-86.525757,39.1636505
794,B18-48855,2018-11-30,M,18,-86.525757,39.1636505
795,B18-49107,2018-12-01,M,28,-86.525757,39.1636505
796,B18-49588,2018-12-05,M,33,-86.525757,39.1636505
797,B18-49580,2018-12-05,M,21,-86.525757,39.1636505
798,B18-49829,2018-12-06,M,47,-86.525757,39.1636505
799,B18-49763,2018-12-06,M,11,-86.525757,39.1636505
800,B18-50007,2018-12-07,M,21,-86.525757,39.1636505
801,B18-49868,2018-12-07,M,26,-86.525757,39.1636505
802,B18-50187,2018-12-09,F,22,-86.525757,39.1636505
803,B18-50702,2018-12-13,M,21,-86.525757,39.1636505
804,B18-50875,2018-12-14,M,28,-86.525757,39.1636505
805,B18-51200,2018-12-16,M,20,-86.525757,39.1636505
806,B18-51116,2018-12-16,M,24,-86.525757,39.1636505
807,B18-51400,2018-12-18,F,26,-86.525757,39.1636505
808,B18-52129,2018-12-24,M,36,-86.525757,39.1636505
809,B18-52447,2018-12-28,M,22,-86.525757,39.1636505
810,B18-52657,2018-12-29,M,63,-86.525757,39.1636505
811,B18-52680,2018-12-30,F,24,-86.525757,39.1636505
812,B18-52834,2018-12-31,M,33,-86.525757,39.1636505
813,B18-52833,2018-12-31,M,23,-86.525757,39.1636505
814,B16-00007,2016-01-01,M,22,-86.525757,39.1636505
815,B16-00250,2016-01-03,M,15,-86.525757,39.1636505
816,B16-00256,2016-01-03,F,33,-86.525757,39.1636505
817,B16-00256,2016-01-03,M,32,-86.525757,39.1636505
818,B16-00743,2016-01-07,F,24,-86.525757,39.1636505
819,B16-00743,2016-01-07,M,42,-86.525757,39.1636505
820,B16-00197,2016-01-08,M,35,-86.525757,39.1636505
821,B16-01079,2016-01-09,M,43,-86.525757,39.1636505
822,B15-53281,2016-01-13,M,52,-86.525757,39.1636505
823,B16-01551,2016-01-13,M,52,-86.525757,39.1636505
824,B16-01697,2016-01-14,M,29,-86.525757,39.1636505
825,B16-02052,2016-01-16,M,22,-86.525757,39.1636505
826,B16-02916,2016-01-23,M,23,-86.525757,39.1636505
827,B16-02916,2016-01-23,M,29,-86.525757,39.1636505
828,B16-03085,2016-01-24,F,27,-86.525757,39.1636505
829,B16-03466,2016-01-27,M,54,-86.525757,39.1636505
830,B16-03523,2016-01-27,F,30,-86.525757,39.1636505
831,B16-03472,2016-01-28,M,17,-86.525757,39.1636505
832,B16-03605,2016-01-28,M,17,-86.525757,39.1636505
833,B16-03728,2016-01-29,M,17,-86.525757,39.1636505
834,B16-04308,2016-02-01,M,21,-86.525757,39.1636505
835,B16-04308,2016-02-01,M,25,-86.525757,39.1636505
836,B16-05168,2016-02-09,M,16,-86.525757,39.1636505
837,B16-05204,2016-02-09,M,42,-86.525757,39.1636505
838,B16-05391,2016-02-11,M,48,-86.525757,39.1636505
839,B16-05641,2016-02-13,M,21,-86.525757,39.1636505
840,B16-05881,2016-02-15,M,23,-86.525757,39.1636505
841,B16-06101,2016-02-17,M,23,-86.525757,39.1636505
842,B16-06114,2016-02-17,M,23,-86.525757,39.1636505
843,B16-06394,2016-02-19,M,26,-86.525757,39.1636505
844,B16-06582,2016-02-20,M,53,-86.525757,39.1636505
845,B16-07108,2016-02-24,M,40,-86.525757,39.1636505
846,B16-07896,2016-03-01,M,45,-86.525757,39.1636505
847,B16-07951,2016-03-02,M,42,-86.525757,39.1636505
848,B16-08092,2016-03-03,M,37,-86.525757,39.1636505
849,B16-08407,2016-03-05,M,39,-86.525757,39.1636505
850,B16-08424,2016-03-05,M,27,-86.525757,39.1636505
851,B16-08857,2016-03-08,F,37,-86.525757,39.1636505
852,B16-09294,2016-03-10,M,43,-86.525757,39.1636505
853,B16-09489,2016-03-12,M,39,-86.525757,39.1636505
854,B16-09562,2016-03-12,M,30,-86.525757,39.1636505
855,B16-09618,2016-03-13,M,41,-86.525757,39.1636505
856,B16-09618,2016-03-13,M,24,-86.525757,39.1636505
857,B16-09943,2016-03-15,M,45,-86.525757,39.1636505
858,B16-10225,2016-03-18,M,32,-86.525757,39.1636505
859,B16-10369,2016-03-20,M,33,-86.525757,39.1636505
860,B16-10536,2016-03-20,F,25,-86.525757,39.1636505
861,B16-10688,2016-03-21,M,27,-86.525757,39.1636505
862,B16-10875,2016-03-23,M,34,-86.525757,39.1636505
863,B16-09855,2016-03-27,M,21,-86.525757,39.1636505
864,B16-11478,2016-03-27,M,16,-86.525757,39.1636505
865,B16-11533,2016-03-28,M,48,-86.525757,39.1636505
866,B16-11902,2016-03-30,F,29,-86.525757,39.1636505
867,B20-12992,2020-04-02,M,40.0,-86.525757,39.1636505
868,B20-13314,2020-04-03,M,36.0,-86.525757,39.1636505
869,B20-13586,2020-04-06,M,25.0,-86.525757,39.1636505
870,B20-13666,2020-04-06,M,27.0,-86.525757,39.1636505
871,B20-13742,2020-04-07,M,34.0,-86.525757,39.1636505
872,B20-13793,2020-04-07,M,18.0,-86.525757,39.1636505
873,B20-13823,2020-04-08,M,35.0,-86.525757,39.1636505
874,B20-13823,2020-04-08,F,25.0,-86.525757,39.1636505
875,B20-14016,2020-04-09,M,31.0,-86.525757,39.1636505
876,B20-14081,2020-04-10,M,20.0,-86.525757,39.1636505
877,B20-14081,2020-04-10,M,19.0,-86.525757,39.1636505
878,B20-14081,2020-04-10,M,21.0,-86.525757,39.1636505
879,B20-14482,2020-04-15,M,29.0,-86.525757,39.1636505
880,B20-14535,2020-04-15,M,29.0,-86.525757,39.1636505
881,B20-14575,2020-04-15,M,27.0,-86.525757,39.1636505
882,B20-14604,2020-04-16,F,21.0,-86.525757,39.1636505
883,B20-14749,2020-04-17,M,36.0,-86.525757,39.1636505
884,B20-14885,2020-04-19,M,40.0,-86.525757,39.1636505
885,B20-14932,2020-04-19,M,26.0,-86.525757,39.1636505
886,B20-15017,2020-04-21,M,19.0,-86.525757,39.1636505
887,B20-15542,2020-04-25,M,59.0,-86.525757,39.1636505
888,B20-15602,2020-04-25,M,43.0,-86.525757,39.1636505
889,B20-15625,2020-04-25,F,35.0,-86.525757,39.1636505
890,B20-15462,2020-04-28,M,59.0,-86.525757,39.1636505
891,B20-15914,2020-04-28,F,17.0,-86.525757,39.1636505
892,B20-16137,2020-04-30,M,46.0,-86.525757,39.1636505
893,B20-16543,2020-05-03,M,43.0,-86.525757,39.1636505
894,B20-16765,2020-05-05,F,25.0,-86.525757,39.1636505
895,B20-16765,2020-05-05,M,44.0,-86.525757,39.1636505
896,B20-16765,2020-05-05,M,39.0,-86.525757,39.1636505
897,B20-16867,2020-05-06,F,17.0,-86.525757,39.1636505
898,B20-16888,2020-05-07,F,24.0,-86.525757,39.1636505
899,B20-17040,2020-05-08,M,23.0,-86.525757,39.1636505
900,B20-17043,2020-05-08,F,36.0,-86.525757,39.1636505
901,B20-16924,2020-05-09,M,55.0,-86.525757,39.1636505
902,B20-17140,2020-05-09,M,50.0,-86.525757,39.1636505
903,B20-17684,2020-05-13,M,58.0,-86.525757,39.1636505
904,B20-17768,2020-05-14,M,38.0,-86.525757,39.1636505
905,B20-17967,2020-05-16,M,,-86.525757,39.1636505
906,B20-18197,2020-05-17,M,32.0,-86.525757,39.1636505
907,B20-18139,2020-05-17,F,43.0,-86.525757,39.1636505
908,B20-15711,2020-05-20,M,20.0,-86.525757,39.1636505
909,B20-18562,2020-05-20,M,34.0,-86.525757,39.1636505
910,B20-15711,2020-05-21,M,20.0,-86.525757,39.1636505
911,B20-18582,2020-05-21,M,35.0,-86.525757,39.1636505
912,B20-18994,2020-05-23,M,24.0,-86.525757,39.1636505
913,B20-18988,2020-05-23,M,67.0,-86.525757,39.1636505
914,B20-19074,2020-05-24,M,30.0,-86.525757,39.1636505
915,B20-19251,2020-05-25,M,25.0,-86.525757,39.1636505
916,B20-19308,2020-05-26,M,49.0,-86.525757,39.1636505
917,B20-19391,2020-05-26,M,26.0,-86.525757,39.1636505
918,B20-19414,2020-05-26,M,39.0,-86.525757,39.1636505
919,B20-19657,2020-05-28,F,36.0,-86.525757,39.1636505
920,B20-19442,2020-05-28,F,25.0,-86.525757,39.1636505
921,B20-19869,2020-05-30,M,26.0,-86.525757,39.1636505
922,B20-19987,2020-05-31,M,68.0,-86.525757,39.1636505
923,B20-20035,2020-05-31,M,34.0,-86.525757,39.1636505
924,B20-20032,2020-05-31,M,37.0,-86.525757,39.1636505
925,B20-20332,2020-06-02,M,18.0,-86.525757,39.1636505
926,B20-20772,2020-06-06,F,47.0,-86.525757,39.1636505
927,B20-21347,2020-06-11,M,35.0,-86.525757,39.1636505
928,B20-21344,2020-06-11,M,38.0,-86.525757,39.1636505
929,B20-21860,2020-06-15,M,40.0,-86.525757,39.1636505
930,B20-21952,2020-06-16,M,22.0,-86.525757,39.1636505
931,B20-22005,2020-06-16,M,53.0,-86.525757,39.1636505
932,B20-22017,2020-06-16,M,42.0,-86.525757,39.1636505
933,B20-21921,2020-06-16,M,33.0,-86.525757,39.1636505
934,B20-22547,2020-06-20,M,24.0,-86.525757,39.1636505
935,B20-22883,2020-06-24,M,16.0,-86.525757,39.1636505
936,B20-22928,2020-06-24,M,37.0,-86.525757,39.1636505
937,B20-22884,2020-06-25,F,14.0,-86.525757,39.1636505
938,B20-23339,2020-06-27,F,29.0,-86.525757,39.1636505
939,B20-23375,2020-06-28,M,24.0,-86.525757,39.1636505
940,B20-23472,2020-06-29,F,18.0,-86.525757,39.1636505
941,B20-23562,2020-06-29,M,34.0,-86.525757,39.1636505
942,,,M,,-86.525757,39.1636505
943,,,M,,-86.525757,39.1636505
944,,,M,,-86.525757,39.1636505
945,,,M,,-86.525757,39.1636505
946,B18-00108,2018-01-02,M,32,-86.525757,39.1636505
947,B18-00535,2018-01-05,M,21,-86.525757,39.1636505
948,B18-00680,2018-01-06,M,30,-86.525757,39.1636505
949,B18-00863,2018-01-07,M,24,-86.525757,39.1636505
950,B18-00868,2018-01-07,F,28,-86.525757,39.1636505
951,B18-00913,2018-01-07,M,43,-86.525757,39.1636505
952,B18-01014,2018-01-08,M,16,-86.525757,39.1636505
953,B18-01248,2018-01-10,F,34,-86.525757,39.1636505
954,B18-01301,2018-01-10,M,70,-86.525757,39.1636505
955,B18-01482,2018-01-12,M,32,-86.525757,39.1636505
956,B18-01486,2018-01-12,M,21,-86.525757,39.1636505
957,B18-01882,2018-01-15,M,24,-86.525757,39.1636505
958,B18-02386,2018-01-19,M,38,-86.525757,39.1636505
959,B18-02427,2018-01-19,M,12,-86.525757,39.1636505
960,B18-02432,2018-01-19,M,37,-86.525757,39.1636505
961,B18-02485,2018-01-20,M,26,-86.525757,39.1636505
962,B18-02488,2018-01-20,M,18,-86.525757,39.1636505
963,B18-02498,2018-01-20,M,36,-86.525757,39.1636505
964,B18-02547,2018-01-20,F,36,-86.525757,39.1636505
965,B18-02683,2018-01-21,M,36,-86.525757,39.1636505
966,B18-02745,2018-01-21,M,36,-86.525757,39.1636505
967,B18-02791,2018-01-22,M,40,-86.525757,39.1636505
968,B18-03050,2018-01-24,M,48,-86.525757,39.1636505
969,B18-03301,2018-01-25,F,24,-86.525757,39.1636505
970,B18-03606,2018-01-27,F,46,-86.525757,39.1636505
971,B18-03606,2018-01-27,M,16,-86.525757,39.1636505
972,B18-03666,2018-01-28,M,21,-86.525757,39.1636505
973,B18-03666,2018-01-28,M,25,-86.525757,39.1636505
974,B18-03964,2018-01-30,F,34,-86.525757,39.1636505
975,B18-04146,2018-01-31,F,44,-86.525757,39.1636505
976,B18-04146,2018-01-31,M,35,-86.525757,39.1636505
977,B18-04146,2018-01-31,F,21,-86.525757,39.1636505
978,B18-04283,2018-02-01,F,35,-86.525757,39.1636505
979,B18-04519,2018-02-03,M,24,-86.525757,39.1636505
980,B18-04528,2018-02-03,F,14,-86.525757,39.1636505
981,B18-04570,2018-02-03,M,40,-86.525757,39.1636505
982,B18-04742,2018-02-05,M,64,-86.525757,39.1636505
983,B18-04842,2018-02-06,M,34,-86.525757,39.1636505
984,B18-05055,2018-02-07,M,21,-86.525757,39.1636505
985,B18-05055,2018-02-07,M,20,-86.525757,39.1636505
986,B18-06013,2018-02-14,M,28,-86.525757,39.1636505
987,B18-06013,2018-02-14,F,22,-86.525757,39.1636505
988,B18-06032,2018-02-14,M,50,-86.525757,39.1636505
989,B18-06147,2018-02-15,M,37,-86.525757,39.1636505
990,B18-06429,2018-02-17,M,21,-86.525757,39.1636505
991,B18-06429,2018-02-17,M,21,-86.525757,39.1636505
992,B18-06524,2018-02-17,F,13,-86.525757,39.1636505
993,B18-06561,2018-02-18,M,17,-86.525757,39.1636505
994,B18-06561,2018-02-18,M,33,-86.525757,39.1636505
995,B18-07132,2018-02-21,M,28,-86.525757,39.1636505
996,B18-07242,2018-02-22,F,29,-86.525757,39.1636505
997,B18-07242,2018-02-22,M,23,-86.525757,39.1636505
998,B18-07300,2018-02-22,F,25,-86.525757,39.1636505
999,B18-07319,2018-02-22,F,25,-86.525757,39.1636505
1000,B18-07328,2018-02-23,M,25,-86.525757,39.1636505
1001,B18-07649,2018-02-25,F,29,-86.525757,39.1636505
1002,B18-07732,2018-02-25,M,19,-86.525757,39.1636505
1003,B18-07769,2018-02-26,M,18,-86.525757,39.1636505
1004,B18-07922,2018-02-27,M,21,-86.525757,39.1636505
1005,B18-07922,2018-02-27,M,23,-86.525757,39.1636505
1006,B18-07996,2018-02-27,F,20,-86.525757,39.1636505
1007,B18-08178,2018-02-28,M,55,-86.525757,39.1636505
1008,B18-08305,2018-03-01,M,28,-86.525757,39.1636505
1009,B18-08589,2018-03-03,M,31,-86.525757,39.1636505
1010,B18-08821,2018-03-04,M,26,-86.525757,39.1636505
1011,B18-08900,2018-03-05,M,40,-86.525757,39.1636505
1012,B18-09405,2018-03-08,M,19,-86.525757,39.1636505
1013,B18-09428,2018-03-08,M,18,-86.525757,39.1636505
1014,B18-09481,2018-03-08,M,52,-86.525757,39.1636505
1015,B18-09754,2018-03-10,M,16,-86.525757,39.1636505
1016,B18-09776,2018-03-10,M,37,-86.525757,39.1636505
1017,B18-09819,2018-03-10,M,44,-86.525757,39.1636505
1018,B18-09776,2018-03-10,F,26,-86.525757,39.1636505
1019,B18-10224,2018-03-14,M,27,-86.525757,39.1636505
1020,B18-10290,2018-03-14,M,27,-86.525757,39.1636505
1021,B18-10322,2018-03-14,M,31,-86.525757,39.1636505
1022,B18-10386,2018-03-15,M,47,-86.525757,39.1636505
1023,B18-10628,2018-03-17,M,35,-86.525757,39.1636505
1024,B18-10849,2018-03-18,M,31,-86.525757,39.1636505
1025,B18-10982,2018-03-19,F,46,-86.525757,39.1636505
1026,B18-11105,2018-03-20,M,30,-86.525757,39.1636505
1027,B18-11267,2018-03-21,M,46,-86.525757,39.1636505
1028,B18-11757,2018-03-25,M,18,-86.525757,39.1636505
1029,B18-11859,2018-03-26,M,25,-86.525757,39.1636505
1030,B18-11944,2018-03-26,M,41,-86.525757,39.1636505
1031,B18-11949,2018-03-26,M,26,-86.525757,39.1636505
1032,B18-11969,2018-03-26,F,31,-86.525757,39.1636505
1033,B18-11984,2018-03-26,M,16,-86.525757,39.1636505
1034,B18-11984,2018-03-26,M,14,-86.525757,39.1636505
1035,B18-10699,2018-03-27,M,28,-86.525757,39.1636505
1036,B18-12096,2018-03-27,F,34,-86.525757,39.1636505
1037,B18-12486,2018-03-30,M,40,-86.525757,39.1636505
1038,B18-12607,2018-03-30,M,59,-86.525757,39.1636505
1039,B18-12659,2018-03-31,M,34,-86.525757,39.1636505
1040,B18-12757,2018-03-31,M,17,-86.525757,39.1636505
1041,B18-12769,2018-03-31,M,38,-86.525757,39.1636505
1042,B18-12769,2018-03-31,M,39,-86.525757,39.1636505
1043,B18-12769,2018-03-31,F,23,-86.525757,39.1636505
1044,B17-40374,2017-10-01,M,32,-86.525757,39.1636505
1045,B17-40466,2017-10-02,M,17,-86.525757,39.1636505
1046,B17-40735,2017-10-04,M,31,-86.525757,39.1636505
1047,B17-40749,2017-10-04,M,21,-86.525757,39.1636505
1048,B17-40823,2017-10-04,M,56,-86.525757,39.1636505
1049,B17-40921,2017-10-05,M,23,-86.525757,39.1636505
1050,B17-40951,2017-10-05,M,59,-86.525757,39.1636505
1051,B17-41142,2017-10-06,M,24,-86.525757,39.1636505
1052,B17-41156,2017-10-06,M,41,-86.525757,39.1636505
1053,B17-41160,2017-10-06,M,41,-86.525757,39.1636505
1054,B17-41667,2017-10-10,F,27,-86.525757,39.1636505
1055,B17-41936,2017-10-12,M,18,-86.525757,39.1636505
1056,B17-42124,2017-10-13,M,49,-86.525757,39.1636505
1057,B17-42307,2017-10-14,M,11,-86.525757,39.1636505
1058,B17-42396,2017-10-15,M,25,-86.525757,39.1636505
1059,B17-42615,2017-10-16,M,32,-86.525757,39.1636505
1060,B17-42814,2017-10-18,M,20,-86.525757,39.1636505
1061,B17-42816,2017-10-18,M,24,-86.525757,39.1636505
1062,B17-42926,2017-10-18,M,18,-86.525757,39.1636505
1063,B17-43044,2017-10-19,F,53,-86.525757,39.1636505
1064,B17-43125,2017-10-20,F,19,-86.525757,39.1636505
1065,B17-43135,2017-10-20,M,16,-86.525757,39.1636505
1066,B17-43383,2017-10-21,M,49,-86.525757,39.1636505
1067,B17-43393,2017-10-21,M,49,-86.525757,39.1636505
1068,B17-43450,2017-10-22,M,41,-86.525757,39.1636505
1069,B17-43450,2017-10-22,M,39,-86.525757,39.1636505
1070,B17-43450,2017-10-22,M,36,-86.525757,39.1636505
1071,B17-43589,2017-10-23,M,23,-86.525757,39.1636505
1072,B17-43801,2017-10-24,M,23,-86.525757,39.1636505
1073,B17-44093,2017-10-26,F,19,-86.525757,39.1636505
1074,B17-44196,2017-10-27,F,53,-86.525757,39.1636505
1075,B17-44317,2017-10-28,M,20,-86.525757,39.1636505
1076,B17-44437,2017-10-28,M,30,-86.525757,39.1636505
1077,B17-44475,2017-10-29,F,20,-86.525757,39.1636505
1078,B17-44479,2017-10-29,M,19,-86.525757,39.1636505
1079,B17-44701,2017-10-30,F,45,-86.525757,39.1636505
1080,B17-44701,2017-10-30,F,43,-86.525757,39.1636505
1081,B17-44701,2017-10-30,F,52,-86.525757,39.1636505
1082,B17-44887,2017-10-31,M,24,-86.525757,39.1636505
1083,B17-44900,2017-10-31,M,17,-86.525757,39.1636505
1084,B17-45156,2017-11-02,F,33,-86.525757,39.1636505
1085,B17-45238,2017-11-03,F,34,-86.525757,39.1636505
1086,B17-45316,2017-11-03,M,39,-86.525757,39.1636505
1087,B17-45773,2017-11-06,M,19,-86.525757,39.1636505
1088,B17-46025,2017-11-08,M,17,-86.525757,39.1636505
1089,B17-46139,2017-11-09,M,48,-86.525757,39.1636505
1090,B17-46713,2017-11-13,M,29,-86.525757,39.1636505
1091,B17-46741,2017-11-14,M,30,-86.525757,39.1636505
1092,B17-46749,2017-11-14,M,34,-86.525757,39.1636505
1093,B17-47005,2017-11-15,M,28,-86.525757,39.1636505
1094,B17-47594,2017-11-20,M,37,-86.525757,39.1636505
1095,B17-48093,2017-11-24,M,17,-86.525757,39.1636505
1096,B17-48401,2017-11-26,M,32,-86.525757,39.1636505
1097,B17-48858,2017-11-30,M,41,-86.525757,39.1636505
1098,B17-48970,2017-11-30,M,35,-86.525757,39.1636505
1099,B17-49350,2017-12-03,M,40,-86.525757,39.1636505
1100,B17-49417,2017-12-03,M,18,-86.525757,39.1636505
1101,B17-49442,2017-12-04,M,31,-86.525757,39.1636505
1102,B17-49684,2017-12-05,M,14,-86.525757,39.1636505
1103,B17-49820,2017-12-06,M,52,-86.525757,39.1636505
1104,B17-49983,2017-12-07,M,24,-86.525757,39.1636505
1105,B17-50528,2017-12-11,M,66,-86.525757,39.1636505
1106,B17-51465,2017-12-18,M,26,-86.525757,39.1636505
1107,B17-51677,2017-12-20,M,28,-86.525757,39.1636505
1108,B17-51805,2017-12-20,M,41,-86.525757,39.1636505
1109,B17-51806,2017-12-21,M,23,-86.525757,39.1636505
1110,B17-51988,2017-12-22,F,38,-86.525757,39.1636505
1111,B17-52046,2017-12-22,M,32,-86.525757,39.1636505
1112,B17-52197,2017-12-24,F,45,-86.525757,39.1636505
1113,B17-52268,2017-12-24,M,25,-86.525757,39.1636505
1114,B17-52197,2017-12-24,M,25,-86.525757,39.1636505
1115,B17-52528,2017-12-27,M,37,-86.525757,39.1636505
1116,B17-52528,2017-12-27,M,39,-86.525757,39.1636505
1117,B17-52734,2017-12-29,F,38,-86.525757,39.1636505
1118,B17-52750,2017-12-29,M,18,-86.525757,39.1636505
1119,B17-52757,2017-12-30,M,29,-86.525757,39.1636505
1120,B17-52855,2017-12-31,M,29,-86.525757,39.1636505
1121,B17-52928,2017-12-31,M,41,-86.525757,39.1636505
1122,B17-25986,2017-07-02,M,34,-86.525757,39.1636505
1123,B17-26003,2017-07-02,M,36,-86.525757,39.1636505
1124,B17-26243,2017-07-03,M,43,-86.525757,39.1636505
1125,B17-26316,2017-07-04,M,23,-86.525757,39.1636505
1126,B17-26320,2017-07-04,M,48,-86.525757,39.1636505
1127,B17-26432,2017-07-05,M,27,-86.525757,39.1636505
1128,B17-26785,2017-07-07,F,14,-86.525757,39.1636505
1129,B17-26832,2017-07-07,M,44,-86.525757,39.1636505
1130,B17-27818,2017-07-13,M,50,-86.525757,39.1636505
1131,B17-27905,2017-07-13,M,24,-86.525757,39.1636505
1132,B17-27997,2017-07-14,F,21,-86.525757,39.1636505
1133,B17-27997,2017-07-14,M,31,-86.525757,39.1636505
1134,B17-28182,2017-07-15,M,35,-86.525757,39.1636505
1135,B17-28215,2017-07-16,M,22,-86.525757,39.1636505
1136,B17-28446,2017-07-17,M,28,-86.525757,39.1636505
1137,B17-28452,2017-07-17,M,24,-86.525757,39.1636505
1138,B17-29029,2017-07-21,M,43,-86.525757,39.1636505
1139,B17-29226,2017-07-23,M,28,-86.525757,39.1636505
1140,B17-29409,2017-07-24,F,28,-86.525757,39.1636505
1141,B17-29606,2017-07-25,F,22,-86.525757,39.1636505
1142,B17-30111,2017-07-28,M,37,-86.525757,39.1636505
1143,B17-30650,2017-08-01,M,18,-86.525757,39.1636505
1144,B17-30869,2017-08-02,M,53,-86.525757,39.1636505
1145,B17-31062,2017-08-04,M,36,-86.525757,39.1636505
1146,B17-31215,2017-08-05,M,32,-86.525757,39.1636505
1147,B17-31575,2017-08-08,M,61,-86.525757,39.1636505
1148,B17-31575,2017-08-08,F,34,-86.525757,39.1636505
1149,B17-31575,2017-08-08,F,30,-86.525757,39.1636505
1150,B17-31857,2017-08-09,M,28,-86.525757,39.1636505
1151,B17-31857,2017-08-09,M,27,-86.525757,39.1636505
1152,B17-31971,2017-08-10,M,59,-86.525757,39.1636505
1153,B17-32076,2017-08-11,M,16,-86.525757,39.1636505
1154,B17-32181,2017-08-11,M,37,-86.525757,39.1636505
1155,B17-32588,2017-08-14,M,24,-86.525757,39.1636505
1156,B17-32898,2017-08-16,M,24,-86.525757,39.1636505
1157,B17-32971,2017-08-16,M,28,-86.525757,39.1636505
1158,B17-33004,2017-08-17,M,21,-86.525757,39.1636505
1159,B17-33483,2017-08-19,M,53,-86.525757,39.1636505
1160,B17-33702,2017-08-21,M,17,-86.525757,39.1636505
1161,B17-35154,2017-08-29,M,20,-86.525757,39.1636505
1162,B17-35294,2017-08-30,M,40,-86.525757,39.1636505
1163,B17-35339,2017-08-31,F,27,-86.525757,39.1636505
1164,B17-35514,2017-09-01,M,21,-86.525757,39.1636505
1165,B17-35688,2017-09-02,M,20,-86.525757,39.1636505
1166,B17-35802,2017-09-02,M,47,-86.525757,39.1636505
1167,B17-35827,2017-09-03,M,20,-86.525757,39.1636505
1168,B17-35985,2017-09-04,M,22,-86.525757,39.1636505
1169,B17-36054,2017-09-04,M,40,-86.525757,39.1636505
1170,B17-36447,2017-09-06,M,20,-86.525757,39.1636505
1171,B17-36447,2017-09-06,F,17,-86.525757,39.1636505
1172,B17-36447,2017-09-06,F,53,-86.525757,39.1636505
1173,B17-36455,2017-09-06,M,28,-86.525757,39.1636505
1174,B17-36716,2017-09-08,M,10,-86.525757,39.1636505
1175,B17-37203,2017-09-11,M,40,-86.525757,39.1636505
1176,B17-37692,2017-09-14,F,43,-86.525757,39.1636505
1177,B17-37756,2017-09-14,F,27,-86.525757,39.1636505
1178,B17-38100,2017-09-16,M,24,-86.525757,39.1636505
1179,B17-38134,2017-09-16,M,44,-86.525757,39.1636505
1180,B17-38325,2017-09-18,M,18,-86.525757,39.1636505
1181,B17-38419,2017-09-19,M,18,-86.525757,39.1636505
1182,B17-38551,2017-09-19,M,55,-86.525757,39.1636505
1183,B17-39362,2017-09-24,M,45,-86.525757,39.1636505
1184,B17-39409,2017-09-25,M,25,-86.525757,39.1636505
1185,B17-39409,2017-09-25,F,38,-86.525757,39.1636505
1186,B17-40162,2017-09-29,F,20,-86.525757,39.1636505
1187,B17-40162,2017-09-29,M,22,-86.525757,39.1636505
