incid,date,year,time,ofcage,ofcrace,ofcgender,ofcexp,ofczpro,ofcteam,tofc,loc,natinc,light,light1,witness,audio_,video,susweap,susweap1,susage,susrace,susgender,flag1,flag2,flag3,alcohol,drug,mental,esl,reason,resist,resist1,resist2,control,control1,control2,typecontrol,typecontrol1,typecontrol2,ground,susinjury,ofcinjury,suspart,ofcpart,FID
281,2016/01/17 00:00:00+00,2016,1450,40,1,0,10,28.1,7,2,24,24244,3,,0,0,0,1,.,26,3,0,0,0,0,0,0,0,1,1,2,4,5,2,3,3,1,.,.,1,0,1,.,1,1
282,2016/01/17 00:00:00+00,2016,122,29,1,0,3,32.13,5,2,84,27111,2,,0,0,0,1,.,21,1,0,0,0,0,1,1,0,0,1,2,3,4,2,3,4,1,.,.,0,1,0,10,.,2
283,2016/01/17 00:00:00+00,2016,1450,27,1,0,0,34.27,7,2,24,24244,3,,0,0,0,1,.,26,3,0,0,0,0,0,0,0,1,1,2,4,5,2,3,3,1,.,.,1,0,1,.,1,3
284,2016/01/18 00:00:00+00,2016,139,37,1,0,11,38.98,1,2,1,8333,2,,0,1,0,3,5,30,1,0,1,0,0,0,1,0,0,4,2,3,3,2,5,5,7,.,.,1,1,0,7,.,4
285,2016/01/20 00:00:00+00,2016,42,29,1,0,5,.,2,2,1,21000,2,,2,0,0,1,.,25,4,0,0,0,0,1,0,0,1,1,2,3,3,2,3,3,1,.,.,1,1,0,10,.,5
286,2016/01/22 00:00:00+00,2016,201,29,1,0,8,.,4,2,1,27111,2,,0,0,0,1,.,33,1,0,0,0,0,0,1,0,0,4,2,4,4,2,3,3,1,.,.,1,1,1,6,10,6
287,2016/01/22 00:00:00+00,2016,1941,29,1,0,2,60.24,4,1,1,3111,2,,3,0,0,1,.,27,1,1,0,0,0,1,0,0,0,1,5,5,5,2,3,3,1,.,.,1,0,1,.,7,7
288,2016/01/30 00:00:00+00,2016,151,26,1,0,3,37.29,7,3,3,12000,2,,2,0,0,1,.,34,4,0,0,0,0,1,0,0,0,3,2,4,5,2,4,4,5,.,.,1,1,0,10,.,8
289,2016/01/30 00:00:00+00,2016,151,22,2,0,1,43.96,7,3,3,12000,2,,2,0,0,1,.,21,4,1,0,0,0,1,0,0,0,3,2,4,5,2,4,4,5,.,.,1,1,0,10,.,9
290,2016/01/31 00:00:00+00,2016,2240,28,1,0,2,48.89,7,1,1,94555,2,,0,1,1,3,.,30,2,0,0,0,0,1,0,0,0,2,2,3,4,2,4,5,1,5,9,1,1,1,9,10,10
291,2016/02/06 00:00:00+00,2016,2345,27,1,1,2,23.89,5,3,97,24000,2,,0,0,0,1,.,15,1,1,0,0,0,0,0,1,0,1,2,3,4,2,3,4,1,.,.,1,1,1,5,10,11
292,2016/02/13 00:00:00+00,2016,1753,33,1,0,10,.,7,2,18,37000,3,,4,1,1,1,.,43,1,0,0,0,0,0,0,1,0,1,2,3,4,2,3,3,1,.,.,1,1,0,10,.,12
293,2016/02/13 00:00:00+00,2016,243,28,1,0,6,46.77,2,3,80,56466,3,,1,0,0,1,.,18,1,0,0,0,0,1,0,0,0,1,2,3,4,2,3,5,1,7,.,1,1,1,1,10,13
294,2016/02/13 00:00:00+00,2016,1753,28,1,1,2,31.55,7,2,18,37000,3,,4,1,1,1,.,43,1,0,0,0,0,0,0,1,0,1,2,3,4,2,3,3,1,.,.,1,1,0,10,.,14
295,2016/02/19 00:00:00+00,2016,2205,31,1,0,8,36.07,2,5,24,27111,2,,0,0,0,1,.,20,2,0,0,0,0,1,0,0,0,1,2,3,4,2,3,4,1,.,.,1,1,0,10,.,15
296,2016/02/19 00:00:00+00,2016,2205,28,1,0,2,48.89,7,5,24,27111,2,,0,0,0,1,.,20,2,0,0,0,0,1,0,0,0,1,2,3,4,2,3,4,1,.,.,1,1,0,10,.,16
297,2016/03/08 00:00:00+00,2016,2336,27,1,0,2,33.91,5,2,25,12000,2,.,3,1,1,1,5,30,2,1,0,0,0,1,0,0,0,1,2,3,4,2,3,3,1,.,.,0,1,0,10,.,17
298,2016/03/10 00:00:00+00,2016,59,37,1,0,11,38.98,1,1,86,35333,2,.,0,0,0,1,.,27,4,0,0,0,0,0,1,0,0,4,2,4,4,2,5,5,7,.,.,0,1,0,7,.,18
299,2016/03/13 00:00:00+00,2016,317,28,1,0,2,48.89,7,1,12,12000,2,.,0,0,0,1,.,34,2,0,0,0,0,1,0,0,0,4,3,4,4,2,3,4,1,5,.,1,0,0,.,.,19
300,2016/03/14 00:00:00+00,2016,1308,35,1,0,12,.,6,3,1,27000,1,,0,1,1,1,.,26,2,0,0,0,0,0,0,0,0,2,3,4,4,2,3,5,1,7,.,0,0,1,.,10,20
301,2016/03/15 00:00:00+00,2016,11,34,1,0,8,17.61,5,3,83,8222,2,.,2,0,0,4,.,34,1,0,0,0,0,1,0,0,0,1,2,3,4,2,3,3,1,.,.,0,1,0,1,.,21
302,2016/03/18 00:00:00+00,2016,2057,29,1,0,3,54.11,7,3,12,5000,2,,1,0,0,1,.,38,1,1,0,0,0,1,0,0,0,1,3,4,4,2,3,3,1,9,.,0,1,0,6,.,22
303,2016/03/20 00:00:00+00,2016,227,26,1,0,2,63.02,2,4,21,12000,2,.,.,1,1,1,.,20,1,1,0,0,0,1,0,0,0,1,2,3,4,2,3,3,1,.,.,0,1,0,6,.,23
304,2016/03/20 00:00:00+00,2016,205,22,2,0,1,43.96,7,2,12,14000,2,.,.,1,1,1,.,35,2,0,0,0,0,1,0,0,0,3,2,3,4,2,3,4,1,.,.,1,1,0,1,.,24
305,2016/03/24 00:00:00+00,2016,2121,28,1,1,1,38.67,1,1,1,14100,2,.,.,0,1,1,.,62,1,0,0,0,0,1,0,0,0,4,.,.,.,2,2,2,9,.,.,0,1,.,6,.,25
306,2016/03/28 00:00:00+00,2016,207,29,1,0,8,.,4,3,83,5300,2,3,2,0,0,1,.,23,2,1,0,0,0,1,0,0,0,1,2,4,5,2,3,3,1,.,.,1,0,1,.,10,26
307,2016/03/29 00:00:00+00,2016,1741,29,1,0,2,60.24,4,2,83,13000,1,.,1,1,1,1,.,49,1,1,2,0,0,1,1,0,0,1,2,3,5,2,3,4,1,.,.,1,0,1,.,.,27
308,2016/04/01 00:00:00+00,2016,807,40,1,0,10,32.19,4,3,83,5100,2,.,0,0,0,1,.,31,5,0,0,0,0,0,1,0,0,1,4,4,4,2,3,3,1,.,.,1,1,0,7,.,28
309,2016/04/02 00:00:00+00,2016,1733,60,1,0,33,25.41,5,2,83,35222,2,.,1,0,0,1,3,24,4,0,8,2,0,0,0,0,0,1,2,3,4,2,3,4,1,.,.,1,1,0,1,.,29
310,2016/04/12 00:00:00+00,2016,25,26,1,0,2,41.97,2,5,1,28444,2,.,0,0,0,1,.,31,2,0,0,0,0,0,0,0,0,2,2,3,4,2,3,4,1,.,.,1,1,0,7,.,30
311,2016/04/23 00:00:00+00,2016,210,22,2,0,1,43.96,7,5,12,12000,2,.,1,0,0,1,.,21,2,0,0,0,0,0,0,0,0,1,2,3,4,2,3,5,1,7,.,1,1,0,10,.,31
312,2016/04/25 00:00:00+00,2016,141,34,6,1,3,.,2,3,1,14100,2,,0,0,0,1,.,28,2,0,1,0,0,0,1,0,0,2,2,1,4,2,3,3,1,.,.,1,0,1,.,4,32
313,2016/05/01 00:00:00+00,2016,750,40,1,0,15,47.39,5,3,97,56366,3,1,0,0,0,1,.,23,1,1,0,0,0,0,0,1,0,1,2,3,4,2,3,4,1,.,.,1,1,1,5,10,33
314,2016/05/01 00:00:00+00,2016,156,28,1,0,2,48.89,7,.,1,12000,2,.,1,1,0,1,.,28,2,1,2,0,0,1,0,0,0,3,4,5,4,2,3,4,1,5,.,1,1,0,10,.,34
315,2016/05/06 00:00:00+00,2016,225,26,1,0,3,37.29,7,4,1,12000,2,.,0,1,1,1,.,28,2,0,0,0,0,0,0,0,0,3,2,4,4,2,3,4,1,.,.,1,1,0,4,.,35
316,2016/05/14 00:00:00+00,2016,30,29,1,0,6,.,5,7,83,12000,2,.,0,0,0,1,.,23,1,0,0,0,0,1,0,0,0,1,2,4,4,2,3,4,1,.,.,1,1,0,1,.,36
317,2016/05/23 00:00:00+00,2016,50,28,1,0,2,48.89,7,7,12,12000,2,.,0,0,0,1,.,24,1,0,0,0,0,1,0,0,0,1,2,4,4,2,3,4,1,.,.,1,1,0,7,.,37
318,2016/05/29 00:00:00+00,2016,16,26,1,0,3,42.74,2,1,1,94555,2,.,0,1,1,1,.,41,1,0,0,0,0,0,0,0,0,2,2,4,4,2,3,4,1,.,.,1,1,0,6,.,38
319,2016/05/29 00:00:00+00,2016,5,26,1,1,1,35.18,2,2,83,51000,2,.,0,0,0,1,.,35,1,0,0,0,0,0,0,0,0,1,2,4,5,2,3,4,1,.,.,1,1,0,6,.,39
320,2016/06/02 00:00:00+00,2016,2028,25,1,0,1,46.41,7,2,13,23300,2,.,1,1,1,1,5,41,5,0,2,0,0,0,0,0,0,1,2,4,5,2,3,5,1,7,5,1,1,1,10,10,40
321,2016/06/07 00:00:00+00,2016,108,22,2,0,1,43.96,7,9,12,12000,2,.,9,1,1,1,.,24,1,0,0,0,0,1,0,0,0,3,2,3,3,2,4,4,1,5,.,0,0,0,.,.,41
322,2016/06/10 00:00:00+00,2016,2030,30,1,0,6,28.73,7,2,75,12000,3,.,1,1,1,1,.,25,1,0,0,0,0,0,0,0,0,1,2,3,4,2,3,3,1,.,.,1,1,1,1,1,42
323,2016/06/19 00:00:00+00,2016,158,28,1,0,2,48.89,7,3,12,12000,2,.,4,1,1,1,.,27,2,0,8,0,0,1,0,0,0,1,2,3,4,2,3,5,1,5,.,1,0,1,.,10,43
324,2016/07/02 00:00:00+00,2016,1234,44,1,0,19,.,4,2,1,12000,2,.,2,0,0,1,5,40,1,0,0,0,0,0,0,0,0,1,2,3,3,2,5,5,7,.,.,1,1,0,5,.,44
325,2016/07/06 00:00:00+00,2016,100,26,1,0,2,63.02,2,2,1,94800,2,.,1,1,1,1,.,26,1,0,2,1,.,0,0,0,0,1,2,3,3,2,3,3,1,.,.,1,1,0,7,.,45
326,2016/07/08 00:00:00+00,2016,345,36,1,0,12,37.95,4,5,83,56366,2,.,1,1,1,1,3,29,1,0,2,0,0,0,0,1,0,1,2,3,3,2,5,5,7,.,.,1,1,0,10,.,46
327,2016/07/11 00:00:00+00,2016,1252,41,1,1,14,.,4,3,83,56366,4,.,1,1,1,1,3,27,1,0,2,0,0,0,0,0,0,1,2,3,3,2,7,7,1,7,.,1,1,0,6,.,47
328,2016/07/12 00:00:00+00,2016,601,31,1,0,7,23.38,2,1,1,94000,1,.,0,0,0,1,.,47,1,0,0,0,0,0,0,0,0,2,2,3,4,2,3,7,1,7,.,1,1,0,3,.,48
329,2016/07/20 00:00:00+00,2016,255,32,1,0,8,.,5,3,10,56366,2,.,0,0,0,1,.,29,1,1,2,3,0,0,0,1,0,1,2,3,4,2,3,3,1,.,.,1,1,0,6,.,49
330,2016/07/21 00:00:00+00,2016,1545,25,1,1,1,34.06,1,1,75,14000,2,.,0,0,0,1,.,34,1,0,0,0,0,1,0,0,0,4,2,2,2,2,3,3,1,.,.,1,1,0,1,.,50
331,2016/07/27 00:00:00+00,2016,2109,45,1,0,16,38.95,5,1,83,70111,3,.,1,1,1,1,.,16,2,1,0,0,0,0,0,0,0,1,2,3,5,2,3,3,1,.,.,1,1,1,10,10,51
332,2016/07/27 00:00:00+00,2016,2020,40,1,0,10,32.19,4,2,1,14000,2,.,1,1,1,1,.,40,1,0,2,0,0,1,0,0,0,1,2,3,3,2,3,3,1,.,.,1,1,0,1,.,52
333,2016/07/30 00:00:00+00,2016,33,39,1,0,6,.,4,2,83,27000,2,.,0,0,1,1,1,37,1,0,2,0,0,0,1,0,0,3,2,3,4,2,3,3,1,.,.,1,1,1,1,9,53
334,2016/08/05 00:00:00+00,2016,2155,29,1,0,1,71.63,2,5,1,12000,2,.,1,0,0,1,.,30,1,0,2,0,0,1,0,0,0,1,2,3,4,2,3,4,1,.,.,1,1,1,10,10,54
335,2016/08/06 00:00:00+00,2016,223,26,1,0,3,37.29,7,2,1,12000,2,.,1,0,0,1,.,23,4,0,0,0,0,1,0,0,0,1,2,3,4,2,3,4,1,.,.,1,1,0,10,.,55
336,2016/08/06 00:00:00+00,2016,2033,25,1,0,1,29.49,4,7,83,5100,3,.,1,1,1,1,4,48,1,0,0,0,0,1,0,0,0,1,2,3,4,2,3,5,1,7,.,1,1,0,6,.,56
169,2015/05/13 00:00:00+00,2015,1273,32,1,0,5,27.66534,7,2,84,42000,3,,0,0,0,1,.,22,1,0,0,0,0,1,1,0,0,1,3,4,5,2,3,3,1,.,.,1,1,1,4,5,57
225,2015/09/12 00:00:00+00,2015,1611,35,1,1,6,41.79159,2,2,80,40222,1,,0,0,0,1,.,20,1,0,0,0,0,0,1,1,0,1,2,3,4,2,3,4,1,.,.,1,0,0,.,.,58
170,2015/05/14 00:00:00+00,2015,1456,44,1,0,13,35.97122,7,2,83,15111,1,,0,0,0,1,.,17,2,0,0,0,0,0,0,0,0,1,4,4,4,2,3,3,1,.,.,1,3,0,7,.,59
171,2015/05/15 00:00:00+00,2015,1745,32,1,0,5,21.47173,7,2,12,5300,1,,6,1,0,1,.,53,1,0,0,0,0,0,1,0,0,1,2,4,5,2,4,5,1,7,5,1,1,1,5,6,60
172,2015/05/19 00:00:00+00,2015,1252,48,1,0,26,43.47565,5,4,96,31222,2,,0,0,1,1,.,31,1,0,1,2,0,0,0,1,0,1,2,5,5,2,3,3,.,.,.,0,1,0,10,.,61
226,2015/09/12 00:00:00+00,2015,2043,27,1,0,4,43.83451,7,4,80,11300,4,,0,0,0,4,.,66,1,0,0,0,0,1,0,1,0,1,2,3,3,2,5,5,7,.,.,0,4,0,.,.,62
173,2015/05/20 00:00:00+00,2015,230,47,1,0,47,.,2,2,24,12000,3,,5,0,0,1,.,38,1,0,0,0,0,1,0,0,0,3,3,4,4,2,3,3,1,.,.,1,1,0,10,.,63
227,2015/09/14 00:00:00+00,2015,2315,28,1,0,3,.,3,2,75,5300,3,,4,0,0,1,.,43,2,0,0,0,0,1,0,1,0,1,3,4,5,2,3,4,1,.,.,1,1,1,1,7,64
174,2015/05/20 00:00:00+00,2015,110,39,1,0,9,39.64492,4,5,84,24000,3,,0,0,0,1,.,53,2,0,0,0,0,0,0,0,0,1,3,4,4,2,3,3,1,9,.,0,1,0,2,.,65
337,2016/08/08 00:00:00+00,2016,857,37,1,0,14,25.43,2,1,1,14000,1,.,1,0,1,1,.,43,1,0,0,0,0,1,0,0,0,1,2,2,2,2,3,3,9,.,.,1,1,0,1,.,66
228,2015/09/16 00:00:00+00,2015,1150,47,1,0,18,24.24104,2,3,1,24000,1,,3,0,0,1,.,16,2,0,0,0,0,0,0,0,0,4,2,4,5,2,3,3,1,.,.,1,1,2,5,.,67
175,2015/05/22 00:00:00+00,2015,228,33,6,1,2,.,5,1,1,12000,2,,0,0,0,1,4,.,1,0,0,0,0,1,0,0,0,3,2,3,3,2,5,5,7,.,.,0,0,1,.,7,68
338,2016/08/10 00:00:00+00,2016,1351,50,1,1,29,35.75,5,4,1,56000,1,.,1,0,0,1,.,29,1,0,2,0,0,0,0,0,0,1,2,3,5,2,3,4,1,.,.,1,1,1,10,10,69
229,2015/09/20 00:00:00+00,2015,127,29,1,0,2,.,2,2,84,5000,2,,3,0,0,1,.,22,1,0,0,0,0,1,0,0,0,1,2,4,5,2,3,5,1,7,.,1,1,1,10,1,70
176,2015/05/23 00:00:00+00,2015,1733,39,1,0,9,39.64492,4,1,84,5000,1,,3,0,0,1,.,41,1,0,0,0,0,1,1,1,0,1,3,4,4,2,3,4,1,5,.,1,1,1,1,7,71
113,2014/11/28 00:00:00+00,2014,1157,27,1,0,0,.,4,1,97,56400,3,,3,0,0,1,.,42,1,0,1,0,0,0,0,1,0,1,4,4,4,2,3,3,1,.,.,1,0,1,.,6,72
339,2016/08/11 00:00:00+00,2016,2145,39,1,0,16,.,8,1,83,27222,3,.,1,1,1,1,.,27,2,0,0,0,0,0,1,0,0,4,2,3,5,2,3,4,1,.,.,1,0,0,.,.,73
230,2015/09/22 00:00:00+00,2015,1944,27,1,0,2,.,7,1,80,5100,1,2,0.5,0,0,1,.,39,2,0,0,0,0,1,0,0,0,1,2,4,5,2,3,3,1,.,.,1,0,0,.,.,74
177,2015/05/24 00:00:00+00,2015,50,27,1,1,1,36.05181,7,1,84,14000,3,,0,0,0,1,.,26,4,0,0,0,0,1,0,0,0,1,4,4,4,2,3,3,1,.,.,1,1,0,6,.,75
114,2014/12/01 00:00:00+00,2014,1700,51,1,0,24,30.49533,4,2,80,56466,3,,2,0,0,1,5,34,1,1,0,0,0,0,0,1,0,1,4,4,4,2,2,2,1,.,.,1,0,0,.,.,76
340,2016/08/12 00:00:00+00,2016,2112,27,1,1,3,72.11,2,1,83,5100,2,.,1,1,1,1,.,20,1,1,0,0,0,1,0,0,0,1,2,3,4,2,3,3,1,.,.,1,1,0,1,.,77
231,2015/09/23 00:00:00+00,2015,2350,34,1,0,8,.,1,2,1,12000,2,,0,0,0,1,.,24,1,0,0,0,0,1,1,1,0,1,2,4,5,2,3,5,1,7,.,1,1,1,3,6,78
232,2015/09/23 00:00:00+00,2015,2336,38,1,0,6,39.45339,1,2,84,5300,3,,3,0,0,1,.,16,2,1,0,0,0,0,1,0,0,1,2,4,5,2,3,3,1,.,.,0,0,1,.,1,79
178,2015/05/28 00:00:00+00,2015,2200,38,1,0,15,.,8,3,36,27222,2,,0,0,0,1,.,28,1,0,1,0,0,1,1,0,0,1,3,4,4,2,3,3,1,.,.,1,1,0,4,.,80
233,2015/09/26 00:00:00+00,2015,2219,33,6,1,2,.,5,3,80,5300,2,3,2,0,0,1,.,36,3,1,0,0,0,1,0,0,0,1,3,4,5,2,3,4,1,.,.,1,1,1,7,7,81
341,2016/08/13 00:00:00+00,2016,126,26,1,0,3,42.74,2,2,83,12000,3,.,1,0,0,1,.,23,1,0,0,0,0,1,0,0,0,1,2,3,4,2,3,3,1,.,.,1,1,0,10,.,82
234,2015/09/28 00:00:00+00,2015,1120,43,1,0,18,24.1261,4,3,1,3111,1,,0,0,0,1,.,37,1,0,1,2,0,0,1,1,0,1,2,4,4,2,3,3,1,.,.,1,1,1,10,6,83
179,2015/06/03 00:00:00+00,2015,1113,52,1,0,25,35.38869,4,2,0,5300,1,,0,0,0,1,.,47,2,1,0,0,0,0,0,0,0,1,2,4,5,2,3,3,1,.,.,0,0,1,.,6,84
115,2014/12/02 00:00:00+00,2014,1053,58,1,0,31,29.03204,5,1,90,24244,3,,4,1,1,1,.,18,1,0,1,0,0,0,0,0,0,3,2,4,5,2,3,3,1,9,.,1,0,1,.,7,85
180,2015/06/08 00:00:00+00,2015,2226,29,1,1,5,.,7,4,1,5300,2,,4,0,0,1,.,10,2,1,0,0,0,0,0,1,0,1,2,4,5,2,3,3,1,.,.,0,0,1,.,5,86
342,2016/08/20 00:00:00+00,2016,433,26,1,0,2,41.97,2,1,1,94000,2,.,0,0,1,1,.,52,1,0,0,0,0,1,1,0,0,3,2,3,4,2,3,3,1,.,.,1,1,1,1,10,87
235,2015/09/29 00:00:00+00,2015,20,28,1,0,1,64.95552,4,2,97,5300,2,,1,0,0,1,.,38,1,1,1,0,0,0,1,1,0,1,2,3,5,2,3,3,1,.,.,1,0,1,.,10,88
116,2014/12/12 00:00:00+00,2014,1215,42,1,0,17,.,5,1,90,12000,3,,6,0,0,1,.,15,4,0,0,0,0,0,0,0,0,4,3,4,4,2,3,3,1,.,.,1,1,0,1,.,89
181,2015/06/11 00:00:00+00,2015,1710,25,1,0,1,59.2526,2,6,1,27111,1,,1,0,0,1,.,18,2,0,0,0,0,0,1,0,0,1,2,3,4,2,3,4,1,.,.,0,0,0,.,.,90
343,2016/08/20 00:00:00+00,2016,250,38,1,0,1,24.62,7,2,1,12000,2,.,1,0,0,1,.,22,2,0,0,0,0,1,0,0,0,3,2,3,4,2,3,5,1,5,.,1,0,0,.,.,91
236,2015/10/03 00:00:00+00,2015,1600,53,1,0,11,31.15518,5,1,84,5000,1,,0,0,0,1,3,42,5,0,0,0,0,1,0,1,0,1,2,4,5,2,3,5,1,7,.,1,1,0,6,.,92
117,2014/12/13 00:00:00+00,2014,1724,34,1,1,3,41.24846,5,3,1,3121,2,,0,0,0,1,.,24,1,0,0,0,0,1,1,0,0,1,3,3,3,2,3,3,1,.,.,1,1,0,1,.,93
182,2015/06/16 00:00:00+00,2015,2359,35,1,0,4,47.38732,5,2,1,14100,2,4,0,0,1,1,.,37,1,0,0,0,0,1,0,1,0,1,3,4,4,2,3,4,1,.,.,1,1,1,7,6,94
344,2016/08/21 00:00:00+00,2016,202,29,1,0,3,54.11,7,2,12,12000,2,.,0,0,1,1,.,28,2,0,0,0,0,1,0,0,0,3,2,3,4,2,3,5,1,5,.,1,0,0,.,.,95
237,2015/10/03 00:00:00+00,2015,209,25,1,0,2,37.81353,7,4,3,12000,2,,10,0,1,1,.,22,2,0,1,0,0,1,1,0,0,3,2,4,5,2,3,3,1,.,.,1,1,1,10,10,96
118,2014/12/20 00:00:00+00,2014,617,26,1,0,1,85.18547,5,1,80,45111,3,,0,1,1,1,5,59,1,1,0,0,0,1,0,1,0,1,4,4,4,2,3,3,1,.,.,0,1,0,6,.,97
183,2015/06/18 00:00:00+00,2015,1125,42,4,0,14,19.18404,2,3,81,5100,1,,0,0,0,1,.,45,2,0,1,0,0,0,0,0,0,1,2,2,2,2,2,2,9,.,.,0,1,0,1,.,98
345,2016/08/21 00:00:00+00,2016,215,26,1,0,3,37.29,7,2,12,12000,2,.,0,0,1,1,.,23,2,0,8,0,0,1,0,0,0,3,2,3,4,2,3,5,1,5,.,1,0,0,.,.,99
238,2015/10/04 00:00:00+00,2015,2044,43,1,0,14,18.95974,4,2,1,27111,2,,0,0,0,1,.,20,1,1,0,0,0,0,1,0,0,1,2,3,4,2,3,3,1,.,.,1,1,0,1,.,100
119,2014/12/21 00:00:00+00,2014,1426,54,1,0,.,.,2,3,80,5300,1,,0,0,0,3,.,17,2,1,1,0,0,1,0,0,0,1,6,6,6,2,5,5,7,.,.,0,0,0,.,.,101
184,2015/06/18 00:00:00+00,2015,2302,27,1,0,5,55.8859,4,2,84,56400,2,,0,0,1,1,.,24,1,0,0,0,0,0,1,1,0,1,2,2,2,2,5,5,7,.,.,1,1,0,7,.,102
185,2015/06/22 00:00:00+00,2015,1911,39,1,0,9,39.64492,4,1,80,24000,3,,1,0,1,1,.,51,2,0,0,0,0,1,0,0,0,1,2,3,4,2,2,2,1,.,.,1,1,0,10,.,103
186,2015/06/23 00:00:00+00,2015,1288,27,1,1,0,.,2,2,2,14000,2,,0,0,0,1,.,38,1,0,1,0,0,1,0,0,0,1,3,4,4,2,3,3,1,.,.,1,1,0,6,.,104
187,2015/06/25 00:00:00+00,2015,1130,43,1,0,20,.,1,2,36,12000,1,,2,0,0,1,.,50,1,0,0,0,0,1,0,0,0,1,2,3,4,2,3,4,1,.,.,1,0,0,.,.,105
188,2015/06/27 00:00:00+00,2015,429,33,1,0,7,49.67865,5,2,84,5100,2,,0,0,0,1,.,24,1,0,0,0,0,1,0,0,0,1,2,4,4,2,3,3,1,.,.,1,0,1,.,6,106
189,2015/06/29 00:00:00+00,2015,100,35,1,0,10,31.62079,7,3,3,24000,2,,0,0,0,5,.,38,1,0,1,0,0,1,0,1,0,4,3,4,4,2,3,4,1,.,.,1,1,0,5,.,107
190,2015/07/03 00:00:00+00,2015,2206,28,1,0,5,.,3,2,3,5000,2,,2,0,0,1,.,26,1,0,1,0,0,1,0,0,0,4,2,3,3,2,3,4,1,5,.,1,1,0,5,.,108
191,2015/07/05 00:00:00+00,2015,125,48,1,0,22,43.40785,4,1,84,12000,2,,2,0,0,1,.,16,1,1,0,0,0,0,0,0,0,1,2,4,5,2,3,3,1,.,.,0,0,0,.,.,109
192,2015/07/05 00:00:00+00,2015,145,25,1,0,2,46.36203,2,4,83,5100,2,,1,0,1,1,.,30,1,0,0,0,0,1,1,0,0,1,2,3,5,2,3,3,1,.,.,1,1,0,6,.,110
193,2015/07/05 00:00:00+00,2015,336,38,1,0,1,46.78988,5,2,1,12000,2,,1,0,0,1,5,29,6,0,0,0,0,0,1,0,0,1,2,3,3,2,5,5,7,.,.,1,1,0,6,.,111
194,2015/07/13 00:00:00+00,2015,400,21,2,0,0,.,1,2,86,70111,2,,0,0,0,1,.,16,1,0,4,0,0,0,0,1,0,1,4,4,4,2,3,3,1,.,.,1,1,.,6,.,112
195,2015/07/14 00:00:00+00,2015,215,25,1,0,2,37.81353,7,4,99,23400,2,,1,0,0,1,.,30,1,1,0,0,0,0,1,0,0,1,3,4,5,2,3,4,1,.,.,1,1,.,7,.,113
196,2015/07/15 00:00:00+00,2015,2347,28,1,0,4,75.86076,2,1,10,8111,4,,2,0,1,4,.,21,1,0,0,0,0,0,1,0,0,4,2,3,3,2,3,3,1,.,.,1,1,0,5,.,114
197,2015/07/16 00:00:00+00,2015,28,30,1,0,7,19.95329,2,2,84,12000,4,2,0,0,0,1,.,24,1,0,0,0,0,1,1,0,0,4,2,4,5,2,3,3,1,.,.,1,1,1,6,.,115
198,2015/07/20 00:00:00+00,2015,203,26,1,0,2,.,4,3,80,13000,3,,2,0,0,1,.,19,1,1,0,0,0,1,0,0,0,1,2,4,5,2,3,3,1,.,.,1,1,0,1,.,116
199,2015/07/23 00:00:00+00,2015,2230,28,1,0,7,.,8,6,84,24000,3,,1,0,0,1,.,23,1,0,0,0,0,0,0,0,0,1,2,3,3,2,3,3,1,.,.,1,1,0,1,.,117
200,2015/07/24 00:00:00+00,2015,4,29,1,0,1,39.58881,5,2,1,94555,2,,0,0,1,1,.,20,1,0,0,0,0,0,0,0,0,1,2,3,5,2,3,4,1,.,.,1,1,0,1,.,118
201,2015/07/25 00:00:00+00,2015,218,25,1,0,2,53.99235,7,3,3,12000,2,,5,0,1,1,.,21,2,0,0,0,0,1,0,0,0,3,2,4,5,2,3,5,1,7,.,1,1,0,9,.,119
202,2015/07/28 00:00:00+00,2015,210,36,1,0,14,.,5,2,75,42000,3,,1,0,0,1,.,59,1,0,0,0,0,1,0,0,0,1,2,3,4,2,3,4,1,.,.,1,1,1,6,6,120
203,2015/07/30 00:00:00+00,2015,1711,28,1,0,0,.,5,4,1,5300,1,,2,0,0,1,3,29,1,0,0,0,0,1,0,1,0,1,3,4,5,2,3,3,1,.,.,1,1,1,1,6,121
204,2015/08/02 00:00:00+00,2015,207,39,1,0,15,33.1705,1,2,84,5100,3,,1,0,0,1,.,38,2,1,1,1,0,1,1,0,0,1,2,3,5,2,3,3,1,.,.,1,1,1,7,5,122
205,2015/08/03 00:00:00+00,2015,2132,41,1,0,10,16.67051,4,4,84,27111,2,,1,0,0,1,.,20,2,0,0,0,0,1,1,0,0,1,2,4,5,2,3,3,1,9,.,1,1,0,1,.,123
206,2015/08/06 00:00:00+00,2015,1835,34,1,0,8,.,1,2,82,5300,1,,2,0,0,1,.,24,2,0,1,2,0,0,0,1,0,1,3,4,5,2,3,3,1,9,.,1,0,1,.,3,124
207,2015/08/07 00:00:00+00,2015,1734,27,1,0,1,53.39598,7,2,10,14710,2,,0,0,1,1,.,25,1,0,3,2,0,1,0,0,0,4,2,3,4,2,3,4,1,9,.,1,0,0,.,.,125
208,2015/08/08 00:00:00+00,2015,2324,38,1,0,1,46.78988,5,1,80,13000,2,,2,0,0,1,.,34,1,0,0,0,0,1,0,0,0,1,2,4,5,2,3,3,1,.,.,1,1,1,4,5,126
209,2015/08/15 00:00:00+00,2015,2131,25,1,0,2,53.99235,7,3,12,5000,2,,0,0,1,1,.,25,1,0,3,2,0,1,0,1,0,1,2,3,4,2,3,3,1,.,.,1,1,0,1,.,127
210,2015/08/17 00:00:00+00,2015,1906,27,1,0,4,24.2691,7,1,2,14000,1,2,0,0,0,1,.,74,1,0,0,0,0,1,0,0,0,1,.,.,.,3,3,3,9,.,.,0,1,0,6,.,128
211,2015/08/20 00:00:00+00,2015,2,27,1,0,1,53.39598,7,2,12,12000,2,,0,0,0,1,.,24,2,0,0,0,0,1,0,0,0,4,4,4,4,2,3,3,1,.,.,1,1,0,1,.,129
212,2015/08/22 00:00:00+00,2015,2113,28,1,0,4,43.1083,7,1,1,14000,2,,0,0,0,1,.,43,1,0,1,0,0,1,0,0,0,4,2,3,3,2,3,3,1,.,.,1,1,0,6,.,130
213,2015/08/28 00:00:00+00,2015,2209,25,1,0,2,53.99235,7,3,12,12000,3,,0,0,1,1,.,30,1,0,0,0,0,1,0,0,0,4,4,5,5,2,2,2,1,.,.,1,1,0,1,.,131
214,2015/08/28 00:00:00+00,2015,1934,27,1,0,1,53.39598,7,3,3,14000,1,2,1,0,0,1,.,27,1,0,1,0,0,1,0,0,0,1,3,4,4,2,3,5,2,3,5,1,1,0,6,.,132
215,2015/08/30 00:00:00+00,2015,108,28,1,0,1,35.53496,7,1,12,24244,2,,1,0,0,1,.,26,1,0,0,0,0,1,0,0,0,1,4,4,4,2,3,3,1,.,.,1,1,0,6,.,133
216,2015/08/31 00:00:00+00,2015,1656,28,1,0,4,43.1083,7,2,6,12000,3,,1,0,0,1,.,21,1,0,0,0,0,0,0,1,0,1,2,4,5,2,3,5,1,7,.,1,1,1,1,1,134
217,2015/09/03 00:00:00+00,2015,2039,25,1,0,2,53.99235,7,6,24,12000,2,,0,0,1,1,.,27,1,0,1,0,0,1,0,0,0,1,2,3,4,2,3,3,1,.,.,1,1,0,6,.,135
218,2015/09/03 00:00:00+00,2015,2314,28,1,0,1,35.53496,7,3,12,38500,2,,1,0,1,1,.,33,1,0,1,0,0,1,0,0,0,1,2,3,4,2,3,3,1,.,.,1,1,0,1,.,136
219,2015/09/04 00:00:00+00,2015,1908,25,1,0,2,53.99235,7,3,12,5000,1,2,1,0,0,1,5,37,1,0,0,0,0,1,0,0,0,1,2,4,4,2,3,3,1,.,.,1,1,1,5,6,137
220,2015/09/06 00:00:00+00,2015,241,25,1,0,1,41.01954,7,2,3,12000,2,,12,0,0,1,.,25,2,1,0,0,0,1,0,0,0,3,2,3,4,2,3,3,1,.,.,1,1,0,7,.,138
221,2015/09/06 00:00:00+00,2015,241,27,1,0,1,53.39598,7,2,3,12000,2,,12,0,0,1,.,21,2,0,0,0,0,1,0,0,0,3,2,3,4,2,3,3,1,.,.,1,1,0,7,.,139
222,2015/09/08 00:00:00+00,2015,1605,21,2,0,0,.,1,2,1,40222,1,,0,0,0,1,.,20,2,0,0,0,0,0,1,1,0,1,3,4,5,2,3,3,1,.,.,0,0,1,.,10,140
223,2015/09/09 00:00:00+00,2015,2231,31,1,0,7,19.41632,5,2,80,9000,2,,1,0,0,1,.,39,1,1,1,3,0,1,0,0,0,1,2,3,4,2,3,3,1,.,.,1,1,1,4,5,141
224,2015/09/10 00:00:00+00,2015,1626,38,1,0,13,.,8,6,80,27111,1,,0,0,0,1,.,27,1,0,0,0,0,0,1,0,0,1,3,4,5,2,3,4,1,.,.,1,1,0,1,.,142
1,2014/01/03 00:00:00+00,2014,1852,38,1,0,14,.,4,5,84,12000,3,,2,0,0,5,.,62,1,0,0,0,0,1,0,1,0,1,2,2,2,2,3,5,1,7,.,1,1,0,9,.,143
346,2016/08/21 00:00:00+00,2016,202,25,1,0,1,46.41,7,2,12,12000,2,.,0,0,1,1,.,27,2,0,0,0,0,1,0,0,0,3,2,3,4,2,5,5,1,5,.,1,0,0,.,.,144
2,2014/01/03 00:00:00+00,2014,2359,39,1,0,13,.,5,3,76,12000,3,,0,0,0,1,.,54,1,0,1,0,0,1,0,0,0,1,2,4,5,2,3,5,1,7,.,1,1,0,9,.,145
347,2016/08/27 00:00:00+00,2016,2119,28,1,0,1,44.64,7,6,83,3121,2,.,1,1,0,1,.,41,4,0,0,0,0,1,0,0,0,1,2,3,4,2,3,4,1,.,.,1,1,0,7,.,146
120,2014/12/21 00:00:00+00,2014,1426,40,1,0,16,.,2,3,80,5300,1,,0,0,0,3,.,17,2,1,1,0,0,1,0,0,0,1,6,6,6,2,5,5,7,.,.,0,0,0,.,.,147
3,2014/01/05 00:00:00+00,2014,723,29,1,0,6,24.40294,2,5,1,94000,2,,0,0,1,1,.,58,1,0,0,0,0,0,0,1,0,2,2,4,4,2,3,3,1,.,.,1,1,0,1,.,148
348,2016/09/03 00:00:00+00,2016,1830,33,1,0,10,.,8,1,1,94000,2,.,0,0,0,1,.,31,1,0,0,0,0,0,0,0,0,3,2,3,3,2,3,3,1,.,.,1,1,0,.,.,149
239,2015/10/06 00:00:00+00,2015,1540,39,1,0,9,27.90179,7,1,3,14720,1,,1,0,0,1,.,27,1,0,1,0,0,1,0,0,0,4,.,.,.,2,3,3,1,.,.,1,1,0,1,.,150
121,2014/12/21 00:00:00+00,2014,1426,35,1,0,12,19.56182,5,3,80,5300,1,,0,0,0,3,.,17,2,1,1,0,0,1,0,0,0,1,6,6,6,2,5,5,7,.,.,0,0,0,.,.,151
349,2016/09/03 00:00:00+00,2016,1949,34,1,0,8,.,5,2,3,12000,1,.,1,0,0,1,.,20,1,0,0,0,0,0,0,0,0,1,2,3,4,2,3,4,1,.,.,1,0,1,.,10,152
4,2014/01/06 00:00:00+00,2014,1500,52,1,0,10,36.82041,5,2,80,5300,1,,1,0,0,1,.,15,1,0,0,0,0,0,0,0,0,1,2,4,4,2,3,3,1,.,.,1,0,0,.,.,153
240,2015/10/07 00:00:00+00,2015,1801,30,1,0,6,29.43774,5,1,28,12000,1,,3,0,0,1,.,46,1,0,0,0,0,0,0,0,0,1,2,3,4,2,3,5,1,7,.,0,0,1,.,9,154
122,2014/12/27 00:00:00+00,2014,359,32,1,0,6,45.0126,7,2,76,31222,3,,0,0,0,1,.,41,1,0,0,0,0,1,0,0,0,4,4,5,5,2,3,5,7,.,.,1,1,1,9,6,155
350,2016/09/05 00:00:00+00,2016,1450,50,1,0,28,40.78,5,6,80,56366,3,1,0,0,1,1,.,35,1,0,2,3,0,0,0,1,0,1,2,3,5,2,3,5,1,7,.,1,1,1,7,1,156
5,2014/01/19 00:00:00+00,2014,1111,38,1,0,8,36.17647,7,1,1,37000,3,,1,0,1,4,.,33,4,0,0,0,0,0,0,0,0,1,2,2,2,2,3,5,1,7,.,1,0,0,.,.,157
351,2016/09/10 00:00:00+00,2016,1327,33,1,0,10,.,2,2,12,14000,1,.,0,0,0,1,.,22,1,0,0,0,0,1,0,0,0,4,2,3,5,2,3,4,1,.,.,1,1,0,1,.,158
123,2014/12/29 00:00:00+00,2014,1512,30,1,0,6,34.63476,5,1,97,12000,1,,4,0,0,1,.,40,1,0,0,0,0,1,0,0,0,4,2,4,5,2,3,4,1,.,.,1,3,0,10,.,159
6,2014/01/26 00:00:00+00,2014,132,27,1,0,4,49.18473,7,4,12,5000,2,,0,0,1,1,.,21,2,0,0,0,0,1,0,0,0,1,2,4,5,2,5,5,1,7,.,1,1,0,7,.,160
352,2016/09/11 00:00:00+00,2016,2055,28,1,0,6,46.77,2,2,80,5100,1,3,1,1,1,1,.,26,4,0,8,0,0,0,1,0,0,1,2,3,5,2,3,5,1,7,.,1,1,1,3,10,161
241,2015/10/08 00:00:00+00,2015,1732,45,1,0,16,38.19786,4,2,80,5300,1,,1,0,0,1,2,32,1,1,0,0,0,0,0,1,0,1,2,4,5,2,3,4,1,.,.,1,0,1,.,1,162
124,2015/01/10 00:00:00+00,2015,155,27,1,0,5,55.8859,4,4,12,12000,2,,1,0,0,1,.,30,1,0,0,0,0,1,0,0,0,3,4,4,4,2,3,3,1,.,.,1,1,0,10,.,163
7,2014/01/31 00:00:00+00,2014,1345,42,1,0,19,30.10461,1,4,1,3021,1,,0,0,0,1,.,21,1,1,1,0,0,1,1,0,0,2,3,3,3,3,3,3,1,.,.,0,0,0,.,.,164
353,2016/09/11 00:00:00+00,2016,2343,29,1,1,5,34.86,4,2,12,5100,3,.,1,1,1,1,.,37,1,0,1,2,3,0,0,1,0,1,2,3,5,2,3,5,1,7,.,1,1,0,10,.,165
242,2015/10/13 00:00:00+00,2015,2050,41,1,0,10,16.67051,4,3,84,12000,3,,0,0,0,3,.,28,1,1,1,0,0,0,1,0,0,1,2,3,5,2,3,3,1,.,.,0,1,0,1,.,166
243,2015/10/14 00:00:00+00,2015,1812,27,1,0,1,53.39598,7,4,3,12000,1,,2,0,0,1,.,25,1,0,1,0,0,1,1,1,0,1,3,4,4,2,3,4,1,5,.,1,1,0,1,.,167
244,2015/10/23 00:00:00+00,2015,1300,45,1,0,16,38.19786,4,3,21,23300,1,,0,0,0,5,.,32,3,0,0,0,0,0,0,1,0,1,2,4,4,2,5,5,7,.,.,1,1,0,3,.,168
245,2015/10/24 00:00:00+00,2015,159,27,1,0,2,.,7,4,3,5000,2,,30,0,1,1,.,24,2,0,1,0,0,1,0,0,0,1,2,3,4,2,3,3,1,.,.,0,1,0,6,.,169
246,2015/10/25 00:00:00+00,2015,30,24,1,1,0,.,4,2,84,24255,3,,2,0,0,1,.,39,2,0,0,0,0,1,0,0,0,1,3,4,4,2,3,3,1,.,.,1,1,0,6,.,170
247,2015/10/28 00:00:00+00,2015,2358,32,1,0,5,28.57551,2,2,1,27111,2,,1,0,1,1,.,28,1,0,0,0,0,0,1,0,0,2,2,4,5,2,3,5,1,7,.,1,1,1,9,10,171
248,2015/11/01 00:00:00+00,2015,2024,30,1,0,7,19.69231,1,2,10,21000,4,,2,0,0,1,.,40,2,0,0,0,0,1,1,0,0,1,2,3,4,2,3,5,1,7,.,0,1,0,3,.,172
249,2015/11/03 00:00:00+00,2015,2339,45,1,0,21,,7,4,1,94555,2,,0,0,0,1,.,22,2,0,0,0,0,0,0,0,0,2,2,3,4,2,3,3,1,.,.,0,1,1,6,6,173
250,2015/11/03 00:00:00+00,2015,2339,30,1,0,8,45.06181,4,4,1,94555,2,,0,0,0,1,.,22,2,0,0,0,0,0,0,0,0,2,2,3,4,2,3,3,1,.,.,0,1,1,6,6,174
251,2015/11/03 00:00:00+00,2015,1816,35,4,0,8,21.03866,7,2,1,24000,2,,0,0,0,5,.,34,1,0,0,0,0,1,0,0,0,4,2,2,2,2,3,3,1,.,.,0,1,0,1,.,175
252,2015/11/03 00:00:00+00,2015,2339,24,1,1,0,.,4,4,1,94555,2,,0,0,0,1,.,22,2,0,0,0,0,0,0,0,0,2,2,3,4,2,3,3,1,.,.,0,1,1,6,6,176
253,2015/11/05 00:00:00+00,2015,1938,27,1,0,1,53.39598,7,1,1,12000,2,,1,0,0,1,.,25,1,0,3,2,0,1,0,1,0,1,2,3,4,2,3,4,1,5,.,1,0,0,.,.,177
254,2015/11/08 00:00:00+00,2015,211,37,1,0,1,22.89377,7,4,1,42000,2,,0,0,0,1,.,26,4,0,0,0,0,1,0,0,0,3,2,3,3,2,4,4,5,.,.,1,1,0,1,.,178
255,2015/11/09 00:00:00+00,2015,1350,48,1,0,8,28.483,1,2,1,24000,1,,0,0,1,1,.,32,1,1,0,0,0,1,1,1,0,1,2,3,4,2,3,3,1,9,.,1,1,1,10,6,179
256,2015/11/13 00:00:00+00,2015,2319,25,1,0,2,53.99235,7,2,12,24244,3,,2,0,0,1,.,32,2,0,0,0,0,1,0,0,0,3,2,3,4,2,3,4,1,.,.,1,1,0,5,.,180
257,2015/11/14 00:00:00+00,2015,131,27,1,0,1,53.39598,7,5,3,5000,2,,1,0,1,1,.,22,1,0,0,0,0,1,0,0,0,3,2,3,3,2,4,4,5,.,.,0,0,0,.,.,181
258,2015/11/17 00:00:00+00,2015,1922,28,1,0,1,64.95552,4,1,24,5300,2,,0,0,0,1,.,60,1,1,0,0,0,1,1,1,0,1,2,4,5,2,3,3,1,.,.,1,0,1,.,10,182
259,2015/11/19 00:00:00+00,2015,2130,39,1,0,15,.,4,2,84,56400,3,,0,0,0,1,.,42,2,1,1,2,0,0,0,1,0,4,4,4,4,2,3,3,1,.,.,0,0,1,.,6,183
260,2015/11/23 00:00:00+00,2015,1300,33,1,0,6,.,1,1,90,12000,1,,2,0,0,1,.,14,2,0,4,0,0,0,0,0,0,1,2,4,5,2,3,3,1,.,.,1,1,1,4,6,184
261,2015/11/24 00:00:00+00,2015,1317,25,1,1,0,.,2,2,84,70111,1,,0,0,0,1,.,23,2,0,1,0,0,0,0,0,0,1,3,4,5,2,3,3,1,.,.,1,1,0,3,.,185
262,2015/11/26 00:00:00+00,2015,35,27,1,0,1,53.39598,7,2,12,5000,2,,5,0,1,1,.,21,2,0,0,0,0,1,0,0,0,1,2,3,4,2,3,3,1,.,.,0,0,1,.,5,186
263,2015/11/28 00:00:00+00,2015,120,27,1,0,2,.,7,6,12,12000,2,,100,0,0,1,.,22,4,0,0,0,0,1,0,0,0,1,2,3,4,2,3,3,1,.,.,1,1,0,1,.,187
264,2015/11/29 00:00:00+00,2015,120,27,1,0,1,53.39598,7,6,12,12000,2,,100,0,0,1,.,22,4,0,0,0,0,1,0,0,0,1,2,3,4,2,3,3,1,.,.,1,1,0,1,.,188
265,2015/11/29 00:00:00+00,2015,2045,24,1,0,0,.,5,3,1,11530,2,,3,1,0,1,4,29,1,0,0,0,0,0,0,0,0,1,6,6,6,2,6,6,6,.,.,1,4,2,.,.,189
266,2015/11/30 00:00:00+00,2015,1416,50,1,0,21,31.46691,1,2,80,56400,3,,3,0,0,1,3,41,1,0,2,0,0,0,0,1,0,1,2,4,5,2,3,3,1,.,.,1,1,1,1,6,190
267,2015/11/30 00:00:00+00,2015,120,37,1,0,1,22.89377,7,6,12,12000,2,,100,0,0,1,.,21,4,0,1,0,0,1,0,0,0,1,2,3,4,2,3,3,1,.,.,1,1,0,1,.,191
268,2015/12/01 00:00:00+00,2015,120,21,2,0,0,.,1,6,12,12000,2,,100,0,0,1,.,21,4,0,1,0,0,1,0,0,0,1,2,3,4,2,3,3,1,.,.,1,1,0,1,.,192
269,2015/12/08 00:00:00+00,2015,1432,27,1,0,0,.,7,2,21,17100,1,,0,0,1,1,.,35,2,0,0,0,0,0,0,0,0,4,2,3,4,2,3,3,1,.,.,1,0,1,.,7,193
270,2015/12/09 00:00:00+00,2015,1720,38,1,0,15,.,8,3,88,27222,1,,0,0,0,4,.,31,5,0,1,0,0,0,0,0,0,1,2,4,4,2,3,3,1,.,.,1,1,0,1,.,194
271,2015/12/12 00:00:00+00,2015,53,25,1,0,2,53.99235,7,2,3,12000,2,,0,0,0,1,.,40,2,0,1,0,0,1,1,0,0,3,3,4,4,2,3,3,1,.,.,1,1,0,10,.,195
272,2015/12/20 00:00:00+00,2015,215,27,1,0,1,53.39598,7,3,12,5000,2,,1,0,0,1,.,41,1,0,0,0,0,1,0,0,0,1,2,3,3,2,4,4,1,5,.,1,0,0,.,.,196
273,2015/12/21 00:00:00+00,2015,1445,39,1,0,17,24.83392,4,1,97,5300,3,,2,0,0,1,.,39,5,0,0,0,0,0,1,0,0,1,2,4,5,2,3,4,1,.,.,1,0,1,.,4,197
274,2015/12/28 00:00:00+00,2015,210,28,1,0,1,35.53496,7,2,1,40222,2,,0,0,0,1,.,23,1,0,0,0,0,1,0,1,0,1,2,3,4,2,3,4,1,.,.,1,0,0,.,.,198
275,2016/01/01 00:00:00+00,2016,57,27,1,1,2,.,5,2,18,5000,2,,2,1,1,1,.,18,1,0,0,0,0,0,1,0,0,1,2,3,4,2,3,4,1,7,.,1,1,0,4,.,199
276,2016/01/03 00:00:00+00,2016,35,28,1,0,2,48.89,7,5,12,12000,2,3,3,1,0,1,.,20,2,0,1,1,0,0,0,0,0,1,2,3,3,2,4,4,5,.,.,0,0,0,.,.,200
277,2016/01/09 00:00:00+00,2016,210,30,1,0,7,23.38,2,3,1,5300,2,,0,0,0,1,.,40,2,1,1,0,0,1,0,1,0,1,3,4,5,2,3,3,1,.,.,1,0,1,.,1,201
278,2016/01/12 00:00:00+00,2016,1615,32,1,0,10,.,5,2,1,37000,1,,5,1,1,1,5,18,4,0,1,0,0,0,0,0,0,1,2,4,5,2,3,4,1,.,.,1,0,1,.,6,202
279,2016/01/12 00:00:00+00,2016,1615,23,1,0,0,.,7,2,1,37000,1,,5,1,1,1,5,18,4,0,1,0,0,0,0,0,0,1,2,4,5,2,3,4,1,.,.,1,0,1,.,6,203
280,2016/01/16 00:00:00+00,2016,1459,34,1,0,11,24,7,1,72,12000,3,,0,0,0,1,.,22,1,0,1,3,0,1,0,0,0,4,3,3,3,3,3,3,1,.,.,1,1,1,10,6,204
125,2015/01/11 00:00:00+00,2015,1236,55,1,0,27,51.96882,1,2,1,14100,3,,0,0,0,1,.,29,4,0,0,0,0,1,0,0,0,4,4,4,4,2,3,3,1,.,.,0,0,0,.,.,205
354,2016/09/11 00:00:00+00,2016,208,29,1,0,2,31.65,7,4,12,12000,2,.,3,0,1,1,.,27,2,0,0,0,0,1,0,0,0,4,2,3,5,2,3,5,1,5,.,1,0,0,.,.,206
126,2015/01/11 00:00:00+00,2015,1530,39,1,0,17,24.83392,4,2,82,5300,1,,0,0,0,1,.,28,1,0,0,0,0,1,0,0,0,4,5,5,5,2,4,4,1,.,.,0,0,1,.,7,207
355,2016/09/11 00:00:00+00,2016,208,22,2,0,1,43.96,7,4,12,12000,2,.,3,0,1,1,.,23,2,0,8,1,0,1,0,0,0,4,2,3,5,2,3,5,1,5,.,1,1,0,1,.,208
8,2014/02/04 00:00:00+00,2014,22,27,1,0,1,36.37636,5,1,84,27111,2,,0,0,0,1,.,34,1,0,0,0,0,1,1,0,0,1,4,4,4,2,3,3,1,8,.,1,1,0,1,.,209
127,2015/01/13 00:00:00+00,2015,1800,32,1,0,5,42.9563,2,2,15,41000,1,,1,1,0,1,.,36,1,0,1,3,0,0,1,0,0,1,4,4,4,2,5,5,7,.,.,0,1,0,9,.,210
356,2016/09/14 00:00:00+00,2016,16,32,1,0,0,.,.,2,80,5000,3,.,1,0,0,1,.,30,1,0,0,0,0,0,0,0,0,1,2,3,5,2,3,5,1,7,.,1,0,1,.,10,211
128,2015/01/28 00:00:00+00,2015,1222,33,1,0,6,.,1,1,90,12000,3,,2,0,0,1,.,15,1,0,0,0,0,0,0,0,0,3,2,3,4,2,3,3,1,.,.,1,1,0,10,.,212
9,2014/02/18 00:00:00+00,2014,1411,54,1,0,26,49.32704,1,3,86,56466,3,,1,0,0,3,.,37,1,0,0,0,0,0,1,1,0,1,1,1,1,2,5,5,7,.,.,1,1,0,3,.,213
357,2016/09/15 00:00:00+00,2016,310,29,1,0,3,54.11,7,1,1,12000,2,.,1,1,1,1,.,40,1,0,2,3,0,1,0,1,0,1,2,3,4,2,3,3,1,.,.,1,1,0,1,.,214
129,2015/01/31 00:00:00+00,2015,2358,37,1,0,6,50.82717,1,2,80,5000,3,,1,1,0,1,5,19,2,0,1,0,0,0,0,0,0,1,2,4,5,2,3,5,7,.,.,1,0,0,.,.,215
10,2014/02/19 00:00:00+00,2014,1840,41,1,0,10,40.7297,2,3,83,5100,1,,2,0,0,1,.,74,1,0,0,0,0,1,0,1,0,1,4,4,4,2,3,3,1,9,.,0,1,0,5,.,216
358,2016/09/16 00:00:00+00,2016,848,48,1,0,19,28.37,2,7,1,8000,1,.,1,0,0,1,3,17,4,0,2,3,0,0,0,1,1,1,2,3,4,2,3,3,1,.,.,1,0,1,.,10,217
130,2015/02/02 00:00:00+00,2015,2049,48,1,0,8,28.483,1,2,76,24244,2,,1,0,0,1,.,36,1,1,0,0,0,0,0,0,0,1,3,4,4,2,3,3,1,.,.,1,0,1,.,6,218
131,2015/02/07 00:00:00+00,2015,30,52,1,0,16,.,.,2,8,14400,3,,3,0,1,1,.,19,1,1,0,0,0,1,0,0,0,3,2,4,5,2,4,4,1,.,.,0,0,0,.,.,219
132,2015/02/08 00:00:00+00,2015,255,35,1,0,4,47.38732,5,1,1,14100,2,,0,1,1,1,5,45,1,0,0,0,0,1,1,1,0,2,2,3,3,2,3,3,1,.,.,1,0,0,.,.,220
133,2015/02/08 00:00:00+00,2015,105,25,1,0,2,46.36203,2,2,80,5100,3,,3,0,0,1,3,54,4,0,0,0,0,1,0,0,1,1,2,4,5,2,3,5,1,7,.,0,1,0,3,.,221
134,2015/02/14 00:00:00+00,2015,142,27,1,0,1,.,7,2,12,14600,2,,1,0,0,1,.,19,1,0,0,0,0,1,0,0,0,1,3,4,4,2,3,3,1,.,.,1,1,0,1,.,222
135,2015/02/15 00:00:00+00,2015,423,31,1,0,2,30.82574,2,2,80,56400,2,,0,0,0,3,.,53,1,0,0,0,0,1,0,1,0,1,2,2,2,2,5,5,7,.,.,1,1,0,3,.,223
136,2015/02/20 00:00:00+00,2015,2205,33,6,1,2,.,5,2,1,42000,2,,1,0,0,1,.,51,1,1,1,0,0,1,0,1,0,1,2,3,5,2,3,3,1,.,.,1,0,0,.,.,224
137,2015/02/23 00:00:00+00,2015,2110,29,3,0,5,.,4,3,97,12000,3,,3,0,0,1,.,21,2,0,0,0,0,0,0,1,0,1,4,4,4,2,3,3,1,.,.,1,0,1,.,6,225
138,2015/02/25 00:00:00+00,2015,2316,28,1,0,7,.,8,3,1,27111,2,,0,0,0,1,.,47,1,0,4,0,0,0,1,0,0,2,3,3,3,2,3,3,9,.,.,1,1,0,1,.,226
139,2015/02/25 00:00:00+00,2015,1947,27,1,0,5,55.8859,4,5,82,42000,3,,1,0,0,1,.,16,2,0,0,0,0,0,0,0,0,1,3,4,4,2,3,5,1,7,.,1,1,0,6,.,227
140,2015/03/02 00:00:00+00,2015,1225,21,1,1,.,.,1,4,97,56400,3,,2,0,0,5,.,26,1,0,1,2,0,0,0,1,0,1,5,5,5,2,5,5,7,.,.,1,1,0,10,.,228
141,2015/03/07 00:00:00+00,2015,1815,35,1,1,4,47.38732,5,2,97,56400,3,,0,0,0,1,.,23,6,0,1,2,0,0,0,1,0,1,4,4,4,2,3,3,1,.,.,1,0,1,.,6,229
142,2015/03/12 00:00:00+00,2015,100,25,1,0,2,53.99235,7,5,8,56366,4,,2,1,0,1,.,17,1,0,0,0,0,0,0,1,0,1,4,5,5,2,3,5,1,7,.,0,1,1,7,10,230
143,2015/03/12 00:00:00+00,2015,158,26,1,0,2,.,7,2,36,23300,2,,0,0,0,1,.,17,4,0,0,0,0,0,1,0,0,1,4,4,4,2,3,3,1,.,.,1,1,0,7,.,231
144,2015/03/13 00:00:00+00,2015,2044,34,1,1,2,.,2,1,1,27000,2,,0,0,0,1,.,43,1,1,0,0,0,0,1,0,0,2,4,4,4,2,3,3,1,.,.,1,1,0,1,.,232
145,2015/03/21 00:00:00+00,2015,2143,25,1,0,2,53.99235,7,4,1,5000,3,,0,1,0,1,.,27,2,0,0,0,0,0,0,0,0,1,3,3,3,2,3,3,9,.,.,1,1,1,1,5,233
146,2015/03/23 00:00:00+00,2015,1414,31,1,0,9,32.03189,5,3,15,41000,3,,1,0,0,1,.,21,2,0,0,0,0,0,0,0,0,1,3,4,4,2,3,3,1,.,.,1,0,1,.,10,234
147,2015/03/25 00:00:00+00,2015,309,43,1,0,14,18.95974,4,2,75,5000,3,,0,0,0,1,.,54,1,1,0,0,0,1,1,0,0,1,4,5,5,2,3,3,1,.,.,1,1,1,1,7,235
148,2015/03/28 00:00:00+00,2015,1527,55,1,0,27,51.96882,1,1,36,24244,1,,3,0,0,1,.,49,1,0,0,0,0,1,0,0,0,1,2,3,5,2,3,3,1,.,.,1,1,1,1,10,236
149,2015/03/28 00:00:00+00,2015,2350,30,1,0,6,.,3,1,89,25211,2,,0,0,0,1,.,15,2,1,0,0,0,0,0,0,0,1,4,4,4,3,3,3,1,.,.,0,0,1,.,7,237
150,2015/04/05 00:00:00+00,2015,130,43,1,0,16,.,1,1,1,56400,3,,1,0,0,1,.,37,1,0,0,0,0,1,0,1,0,1,2,3,4,2,3,3,1,.,.,0,1,0,6,.,238
151,2015/04/07 00:00:00+00,2015,1338,55,1,0,27,51.96882,1,3,36,12000,1,,3,1,1,1,3,34,2,0,0,0,0,0,1,0,0,1,2,3,4,2,3,5,1,7,.,1,1,0,9,.,239
152,2015/04/10 00:00:00+00,2015,2200,28,1,0,1,35.53496,7,3,75,5300,3,,0,0,0,1,.,22,1,0,1,0,0,1,0,1,0,1,1,5,5,2,3,3,1,.,.,1,0,1,.,10,240
153,2015/04/11 00:00:00+00,2015,36,28,1,0,1,67.04772,4,2,1,27111,2,,0,0,0,1,.,20,1,0,0,0,0,1,1,0,0,1,2,4,4,2,3,3,1,.,.,1,1,0,1,.,241
154,2015/04/13 00:00:00+00,2015,243,25,1,0,2,46.36203,2,6,84,24000,3,,1,0,0,1,3,32,1,0,2,1,0,0,1,0,0,1,2,3,4,2,5,5,7,.,.,1,1,1,4,5,242
155,2015/04/14 00:00:00+00,2015,1500,43,1,0,16,.,1,3,97,31222,3,,1,0,0,1,.,33,1,0,1,0,0,0,0,1,0,1,3,4,5,2,3,3,1,.,.,1,0,0,.,.,243
156,2015/04/15 00:00:00+00,2015,2244,45,1,0,14,.,2,4,24,12000,2,,5,0,0,1,.,39,1,0,0,0,0,1,1,1,0,1,2,3,4,2,3,3,1,.,.,1,1,0,4,.,244
157,2015/04/16 00:00:00+00,2015,1735,28,1,0,7,.,8,3,1,27111,1,,0,0,0,1,.,39,1,0,0,0,0,0,0,0,0,2,3,4,4,2,3,3,1,.,.,0,1,0,1,.,245
158,2015/04/18 00:00:00+00,2015,417,29,1,0,2,.,2,2,80,23500,2,,2,0,0,1,.,24,1,0,1,0,0,0,1,0,0,1,3,4,5,2,3,5,1,7,.,1,1,0,3,.,246
159,2015/04/18 00:00:00+00,2015,400,38,1,0,1,46.78988,5,6,84,14100,2,,1,1,0,1,.,27,2,0,1,0,0,1,0,0,0,1,2,3,4,2,3,4,1,.,.,1,0,0,.,.,247
160,2015/04/19 00:00:00+00,2015,229,25,1,0,2,53.99235,7,2,3,5300,2,,1,0,1,1,.,24,4,0,0,0,0,1,0,0,0,3,2,3,5,2,3,5,1,7,.,1,1,1,3,10,248
161,2015/04/19 00:00:00+00,2015,229,27,1,0,1,53.39598,7,2,3,5300,2,,1,0,1,1,.,23,4,0,0,0,0,1,0,0,0,3,2,3,5,2,3,5,1,7,.,1,1,1,3,10,249
162,2015/04/20 00:00:00+00,2015,1016,45,1,0,12,57.67816,2,2,1,12000,2,,0,0,1,1,3,20,1,0,0,0,0,0,0,0,0,2,2,4,5,2,3,3,1,.,.,1,1,1,10,6,250
163,2015/04/27 00:00:00+00,2015,1239,38,1,0,10,27.0259,2,3,84,56466,1,,2,0,0,1,.,51,1,0,0,0,0,0,0,1,0,4,2,4,5,2,3,3,1,.,.,1,1,1,2,6,251
164,2015/04/29 00:00:00+00,2015,2230,27,1,0,1,53.39598,7,2,12,14400,2,,1,0,0,1,.,20,1,1,0,0,0,1,0,0,0,4,4,4,4,2,3,3,1,.,.,1,1,0,6,.,252
165,2015/05/01 00:00:00+00,2015,1646,27,1,0,4,24.2691,7,2,84,5300,3,,0,0,0,1,.,27,1,0,1,0,0,0,0,1,0,1,3,4,5,2,3,5,1,7,.,1,0,1,.,1,253
166,2015/05/02 00:00:00+00,2015,832,47,1,0,21,27.7474,1,1,76,12000,1,,2,0,0,1,.,40,1,0,1,3,0,1,1,1,0,1,2,5,5,2,4,4,1,5,.,0,0,0,.,.,254
167,2015/05/11 00:00:00+00,2015,951,33,1,0,4,.,4,1,90,5000,1,,0,0,0,1,.,16,1,0,0,0,0,0,0,0,0,1,4,4,4,3,3,3,1,.,.,0,1,1,6,5,255
168,2015/05/12 00:00:00+00,2015,1137,43,1,0,20,23.18076,7,4,1,56400,1,,1,0,0,1,.,44,2,0,1,3,0,0,0,1,0,1,2,5,5,2,5,5,7,.,.,1,0,0,.,.,256
359,2016/09/17 00:00:00+00,2016,2146,39,1,0,6,.,4,2,12,70111,3,.,1,1,1,1,.,40,2,0,0,0,0,0,1,0,0,1,2,4,5,2,3,4,1,.,.,1,1,1,5,6,257
11,2014/02/22 00:00:00+00,2014,915,46,1,0,20,27.17309,1,2,81,5100,3,,2,0,0,1,.,51,1,0,0,0,0,0,0,0,0,1,4,4,4,2,3,3,1,.,.,1,1,0,6,.,258
360,2016/09/17 00:00:00+00,2016,1344,33,1,0,6,.,7,2,1,14400,1,.,1,1,1,1,.,22,1,0,0,0,0,1,0,0,0,4,3,4,5,2,3,4,1,8,.,1,0,1,.,10,259
361,2016/09/18 00:00:00+00,2016,211,31,3,0,6,.,7,2,12,12000,2,.,1,0,0,1,.,27,2,0,0,0,0,1,0,0,0,3,2,3,4,2,3,5,1,5,.,1,0,0,.,.,260
57,2014/07/18 00:00:00+00,2014,2248,29,1,0,6,31.55404,4,2,83,56400,3,,0,0,0,3,.,23,5,1,0,0,0,0,0,1,0,1,.,.,.,2,3,3,7,.,.,0,0,0,.,.,261
12,2014/02/24 00:00:00+00,2014,1143,30,1,0,6,33.69777,2,4,80,24255,1,,0,0,1,5,.,40,1,0,2,0,0,1,1,1,0,1,2,6,6,2,5,5,7,.,.,0,3,0,1,.,262
362,2016/09/18 00:00:00+00,2016,11,22,2,0,1,43.96,7,1,83,12000,3,.,1,1,1,1,.,20,1,0,0,0,0,1,0,0,0,1,2,3,5,2,3,3,1,.,.,1,0,1,.,7,263
58,2014/07/21 00:00:00+00,2014,230,30,1,0,1,.,2,2,75,12000,3,,1,0,0,1,.,53,2,0,1,1,1,1,0,0,0,1,2,3,4,2,3,3,1,.,.,1,1,0,4,.,264
13,2014/03/19 00:00:00+00,2014,846,25,1,0,1,32.91981,5,2,1,5100,1,,3,1,0,3,.,37,1,0,1,0,0,0,0,0,0,1,2,2,2,2,5,5,7,.,.,1,0,0,.,.,265
363,2016/09/19 00:00:00+00,2016,1257,45,1,0,26,27.86,2,1,86,24244,3,1,1,1,1,1,.,63,1,1,0,0,0,0,0,0,0,1,2,4,5,2,3,4,1,.,.,1,1,0,6,.,266
59,2014/07/21 00:00:00+00,2014,230,24,1,0,2,.,2,2,75,12000,3,,1,0,0,1,.,53,2,0,1,1,1,1,0,0,0,1,2,3,4,2,3,3,1,.,.,1,1,0,4,.,267
14,2014/03/22 00:00:00+00,2014,33,39,1,0,13,.,5,2,75,5300,2,,0,0,1,1,.,34,2,0,0,0,0,1,0,0,0,1,2,4,4,2,3,3,1,.,.,1,0,1,.,2,268
364,2016/09/19 00:00:00+00,2016,912,40,1,0,15,47.39,5,2,89,27111,3,1,1,1,1,1,.,14,6,0,2,0,0,0,1,0,0,1,2,3,4,2,3,3,1,.,.,1,0,1,.,1,269
60,2014/07/26 00:00:00+00,2014,540,31,1,0,8,27.88827,5,5,84,56400,3,,0,0,0,3,5,21,4,0,1,0,0,1,0,1,0,1,2,6,6,2,5,5,7,.,.,1,1,0,3,.,270
61,2014/07/26 00:00:00+00,2014,513,30,2,0,6,20.8387,4,2,3,25111,2,,0,0,0,3,.,48,1,0,0,0,0,0,1,0,0,1,2,2,2,2,5,5,7,.,.,0,1,0,2,.,271
62,2014/07/26 00:00:00+00,2014,500,29,1,0,6,19.25762,5,2,80,5100,2,,0,0,0,1,.,50,1,0,0,0,0,1,0,0,0,1,4,4,4,2,3,3,1,.,.,1,1,0,1,.,272
63,2014/08/02 00:00:00+00,2014,153,29,1,0,6,31.55404,4,1,1,27111,2,,0,0,0,3,.,45,1,0,1,1,0,0,1,0,0,4,.,.,.,2,5,5,7,.,.,1,1,0,4,.,273
64,2014/08/02 00:00:00+00,2014,219,27,1,0,3,.,7,2,3,12000,2,,0,0,0,1,.,19,3,0,1,0,0,1,0,0,0,3,4,4,4,2,3,3,1,.,.,1,0,1,.,6,274
65,2014/08/02 00:00:00+00,2014,124,27,1,0,3,44.83371,7,1,12,24244,2,,0,0,0,5,.,26,1,0,0,0,0,1,0,0,0,1,.,.,.,3,3,3,.,.,.,0,1,0,6,.,275
66,2014/08/02 00:00:00+00,2014,219,27,1,0,3,44.83371,7,2,3,12000,2,,0,0,0,1,.,19,3,0,1,0,0,1,0,0,0,3,4,4,4,2,3,3,1,.,.,1,0,1,.,7,276
67,2014/08/03 00:00:00+00,2014,1716,31,1,0,7,23.41612,1,1,3,56000,2,,0,0,0,5,.,73,1,0,0,0,0,1,0,0,0,1,2,2,2,2,3,3,9,.,.,0,1,0,6,.,277
68,2014/08/08 00:00:00+00,2014,2030,46,1,0,20,.,8,1,71,70111,1,,0,0,0,5,.,16,3,0,0,0,0,0,0,0,0,4,4,4,4,2,3,3,1,.,.,1,0,1,.,7,278
69,2014/08/10 00:00:00+00,2014,247,27,1,0,4,49.18473,7,1,3,12000,2,,0,0,0,1,.,23,1,0,0,0,0,1,0,0,0,3,4,4,4,2,3,3,1,.,.,1,1,0,7,.,279
70,2014/08/17 00:00:00+00,2014,224,33,1,0,10,.,6,1,1,14100,2,,0,0,0,1,.,21,4,0,0,0,0,1,0,0,0,2,2,3,3,2,3,4,1,.,.,1,1,0,1,.,280
71,2014/08/24 00:00:00+00,2014,158,31,1,0,4,29.92113,7,4,3,5000,2,,0,1,1,1,.,28,2,0,0,0,0,1,0,0,0,1,4,4,4,2,3,4,1,.,.,0,1,1,1,6,281
72,2014/08/24 00:00:00+00,2014,158,26,1,0,0,.,2,4,3,5000,2,,0,1,1,1,.,28,2,0,0,0,0,1,0,0,0,1,4,4,4,2,3,4,1,.,.,0,1,1,1,6,282
73,2014/08/31 00:00:00+00,2014,224,26,1,0,4,42.67493,7,4,1,42000,2,,0,0,0,3,.,30,1,0,0,0,0,1,0,0,0,4,2,4,4,2,3,4,1,.,.,1,0,0,.,.,283
74,2014/08/31 00:00:00+00,2014,224,28,1,0,2,35.64867,7,4,1,42000,2,,0,0,0,3,.,30,1,0,0,0,0,1,0,0,0,4,2,4,4,2,3,4,1,.,.,1,0,0,.,.,284
75,2014/09/05 00:00:00+00,2014,1215,34,1,0,10,25.24053,5,2,80,24255,3,,0,1,0,1,5,28,2,0,1,0,0,0,0,0,1,1,3,4,4,2,3,4,1,.,.,1,0,1,.,.,285
76,2014/09/05 00:00:00+00,2014,2030,31,1,0,4,32.05,2,2,80,5100,2,,1,0,0,1,.,32,1,0,0,0,0,1,0,0,0,1,4,5,5,2,3,4,1,.,.,1,0,1,.,5,286
77,2014/09/05 00:00:00+00,2014,1215,25,1,0,1,32.91981,5,2,80,24255,3,,0,1,0,1,5,28,2,0,1,0,0,0,0,0,1,1,3,4,4,2,3,4,1,.,.,1,0,1,.,.,287
78,2014/09/10 00:00:00+00,2014,2200,37,1,0,12,29.38206,1,1,84,56400,3,,2,0,0,1,.,44,1,1,0,0,0,1,0,1,0,1,3,4,4,2,3,3,1,.,.,1,1,0,1,.,288
79,2014/09/15 00:00:00+00,2014,1018,40,1,0,16,.,2,1,1,14000,1,,0,1,1,5,.,65,1,0,1,0,0,1,0,0,0,2,4,4,4,2,3,3,1,.,.,1,1,0,1,.,289
80,2014/09/19 00:00:00+00,2014,326,34,1,0,8,35.21774,4,2,84,5300,2,,0,0,0,1,.,29,1,0,0,0,0,0,1,0,0,4,4,5,5,2,3,3,1,.,.,1,1,1,7,1,290
81,2014/09/19 00:00:00+00,2014,1640,32,1,0,6,45.0126,7,2,70,56400,3,,0,0,0,1,.,28,2,0,1,0,0,0,0,1,1,4,2,4,4,2,3,3,1,.,.,1,1,1,1,6,291
82,2014/09/19 00:00:00+00,2014,326,36,1,0,5,54.41274,7,2,84,5300,2,,0,0,0,1,.,29,1,0,0,0,0,0,1,0,0,4,4,5,5,2,3,3,1,.,.,1,1,1,7,1,292
83,2014/09/21 00:00:00+00,2014,230,28,1,0,2,35.64867,7,4,3,12000,2,,0,1,1,1,.,21,1,0,0,0,0,1,0,0,0,3,4,4,4,2,3,4,1,.,.,1,0,0,.,.,293
84,2014/09/22 00:00:00+00,2014,1110,38,2,1,9,.,5,1,90,56466,3,,3,0,0,1,.,14,2,0,0,0,0,0,1,1,0,4,4,4,4,2,3,3,1,.,.,0,0,1,.,4,294
85,2014/09/27 00:00:00+00,2014,2119,24,1,0,0,.,4,1,1,5300,2,,0,1,1,1,.,24,2,0,1,0,0,1,0,0,0,2,4,5,5,2,3,3,1,.,.,1,0,1,.,1,295
86,2014/09/28 00:00:00+00,2014,148,27,1,0,1,.,7,2,1,12000,2,,0,0,0,5,.,23,4,0,0,0,0,0,0,0,1,1,4,4,4,2,3,3,1,.,.,1,1,0,1,.,296
87,2014/09/30 00:00:00+00,2014,202,36,1,0,5,.,7,3,1,14100,2,,0,1,1,1,.,32,1,0,0,0,0,1,0,0,0,2,3,4,4,2,3,3,1,.,.,1,1,0,5,.,297
88,2014/09/30 00:00:00+00,2014,202,32,1,0,6,45.0126,7,3,1,14100,2,,0,1,1,1,.,32,1,0,0,0,0,1,0,0,0,2,3,4,4,2,3,3,1,.,.,1,1,0,5,.,298
89,2014/09/30 00:00:00+00,2014,1846,35,1,0,5,24.35974,5,2,84,56366,1,,0,0,0,3,.,16,1,0,0,0,0,0,0,1,0,1,2,6,6,2,5,5,7,.,.,1,0,1,.,6,299
90,2014/09/30 00:00:00+00,2014,202,27,1,0,3,.,7,3,1,14100,2,,0,1,1,1,.,32,1,0,0,0,0,1,0,0,0,2,3,4,4,2,3,3,1,.,.,1,1,0,5,.,300
91,2014/10/01 00:00:00+00,2014,830,55,1,0,32,24.57002,4,2,3,5000,1,,.,1,1,1,.,17,1,1,0,0,0,0,0,0,0,1,4,5,5,2,3,3,1,.,.,1,0,1,.,1,301
92,2014/10/01 00:00:00+00,2014,830,48,1,1,27,38.31693,4,2,3,5000,1,,.,1,1,1,.,17,1,1,0,0,0,0,0,0,0,1,4,5,5,2,3,3,1,.,.,1,0,1,.,1,302
93,2014/10/11 00:00:00+00,2014,1012,38,1,0,8,36.17647,7,2,1,12000,1,,0,0,0,1,.,26,1,0,0,0,0,0,1,1,0,1,4,4,4,2,3,3,1,.,.,1,0,1,.,5,303
94,2014/10/12 00:00:00+00,2014,300,38,1,0,8,44.60044,4,4,80,24244,2,,0,1,1,1,.,27,4,0,0,0,0,1,0,0,1,1,3,4,4,2,3,3,1,.,.,0,1,0,4,.,304
95,2014/10/14 00:00:00+00,2014,1345,42,1,0,12,24.37311,2,2,82,12401,1,,0,0,0,1,.,42,1,1,0,0,0,1,1,0,0,1,4,5,5,2,3,3,1,.,.,0,1,4,1,7,305
96,2014/10/14 00:00:00+00,2014,307,24,1,0,0,.,2,2,1,94555,3,,0,0,0,1,.,23,2,1,0,0,0,0,0,0,0,2,4,5,6,2,3,3,1,.,.,0,0,1,.,5,306
97,2014/10/17 00:00:00+00,2014,1533,44,1,0,15,37.80267,4,1,10,56100,1,,0,0,0,1,.,24,1,0,1,0,0,0,1,0,0,3,5,5,5,2,3,4,1,5,.,1,1,0,6,.,307
98,2014/10/18 00:00:00+00,2014,58,29,3,0,4,45.40295,1,2,25,23300,2,,0,1,1,1,.,31,2,0,1,0,0,1,0,0,0,2,5,4,4,2,3,5,1,7,.,1,0,0,.,.,308
99,2014/10/18 00:00:00+00,2014,133,28,1,0,2,35.64867,7,3,3,5300,3,,.,0,0,1,.,23,1,0,0,0,0,1,0,0,0,1,5,5,5,2,3,4,1,5,.,1,1,1,9,6,309
100,2014/10/25 00:00:00+00,2014,1519,46,1,0,17,35.87444,1,4,80,56400,1,,1,1,1,3,.,34,1,0,2,0,0,0,0,1,0,1,2,6,6,2,5,5,7,.,.,1,1,0,2,.,310
101,2014/10/25 00:00:00+00,2014,154,28,1,0,2,35.64867,7,4,3,13000,2,,0,1,1,1,.,26,1,1,0,0,0,1,0,0,0,4,2,5,5,2,2,2,1,.,.,1,1,0,5,.,311
102,2014/10/26 00:00:00+00,2014,139,31,1,0,7,23.41612,1,4,84,12000,3,,0,0,0,1,.,23,4,0,0,0,0,1,0,0,0,1,4,5,5,2,3,5,1,7,.,0,0,1,0,6,312
103,2014/10/26 00:00:00+00,2014,139,31,1,0,7,31.9552,1,4,84,12000,3,,0,0,0,1,.,23,4,0,0,0,0,1,0,0,0,1,4,5,5,2,3,5,1,7,.,0,0,1,0,6,313
104,2014/10/26 00:00:00+00,2014,138,31,1,0,7,31.9552,1,4,84,12000,3,,0,0,0,1,.,22,6,0,0,0,0,1,0,0,0,1,4,5,5,2,3,5,1,7,.,0,0,1,0,6,314
105,2014/10/26 00:00:00+00,2014,139,26,1,0,4,42.67493,7,4,84,12000,3,,0,0,0,1,.,23,4,0,0,0,0,1,0,0,0,1,3,4,4,2,3,3,1,.,.,1,0,0,.,.,315
106,2014/10/26 00:00:00+00,2014,2318,27,1,0,1,41.83184,5,1,3,40032,2,,1,0,0,1,.,55,1,0,0,0,0,1,0,1,0,1,3,4,4,2,3,3,1,.,.,1,0,0,.,.,316
107,2014/11/04 00:00:00+00,2014,1241,48,1,0,18,23.36824,5,1,80,12000,1,,0,0,0,1,.,37,1,0,1,0,0,0,1,1,0,1,5,5,5,2,5,5,1,7,.,1,0,0,.,.,317
108,2014/11/10 00:00:00+00,2014,1809,39,1,0,15,39.98619,5,2,80,12000,2,,0,1,1,1,5,34,3,1,1,0,0,1,1,0,0,1,2,4,5,2,3,4,1,.,.,1,0,0,.,.,318
109,2014/11/22 00:00:00+00,2014,238,29,1,0,6,21.1316,4,5,80,31222,3,4,0,1,1,1,5,20,1,0,0,0,0,1,0,0,0,1,2,3,3,2,5,5,7,.,.,0,1,0,5,.,319
110,2014/11/23 00:00:00+00,2014,50,26,1,0,1,85.18547,5,1,1,14100,3,,0,0,0,1,.,49,1,1,0,0,0,1,0,0,0,2,.,.,.,3,3,3,9,.,.,0,1,0,6,.,320
111,2014/11/25 00:00:00+00,2014,715,48,1,0,18,23.36824,5,2,83,13000,2,,0,0,0,1,.,31,4,0,0,0,0,0,0,0,0,1,2,2,2,2,2,2,1,.,.,0,0,0,.,.,321
112,2014/11/28 00:00:00+00,2014,2116,29,1,0,6,35.18817,4,1,1,14100,2,,0,0,0,1,.,60,1,0,1,0,0,1,0,0,0,1,2,4,5,2,3,5,7,.,.,0,1,0,3,.,322
15,2014/03/24 00:00:00+00,2014,2143,27,1,0,3,44.83371,7,2,1,12000,3,,0,0,1,1,.,26,5,0,0,0,0,1,0,0,0,0,2,5,5,2,5,5,1,7,.,1,0,0,.,.,323
16,2014/04/01 00:00:00+00,2014,1402,46,1,0,17,35.87444,1,3,76,12000,3,,3,0,1,1,.,35,1,0,1,0,0,0,1,1,0,0,4,4,4,2,3,3,1,.,.,1,1,0,1,.,324
365,2016/09/20 00:00:00+00,2016,1759,32,2,0,8,.,5,2,80,5100,1,.,1,1,1,1,.,69,1,0,0,0,0,0,0,0,0,1,2,4,5,2,3,4,1,.,.,1,1,0,1,.,325
17,2014/04/01 00:00:00+00,2014,1402,38,1,0,16,31.82967,1,3,76,12000,3,,3,0,1,1,.,35,1,0,1,0,0,0,1,1,0,0,4,4,4,2,3,3,1,.,.,1,1,0,1,.,326
18,2014/04/03 00:00:00+00,2014,1845,38,1,0,14,.,4,2,84,5100,3,,1,0,0,.,.,45,4,0,0,0,0,0,0,0,0,1,.,.,.,2,3,3,9,.,.,0,1,0,6,.,327
366,2016/09/27 00:00:00+00,2016,2308,49,1,0,9,.,2,1,1,35222,2,.,1,1,1,1,.,43,2,0,2,3,0,0,0,1,0,1,3,4,5,2,3,5,1,7,.,1,0,1,.,10,328
19,2014/04/19 00:00:00+00,2014,445,29,1,0,6,.,8,1,84,24000,3,,0,0,1,1,.,23,2,0,0,0,0,1,0,0,0,4,2,3,3,2,2,2,1,.,.,0,1,0,1,.,329
367,2016/09/30 00:00:00+00,2016,728,48,1,0,22,24.23,2,4,1,42000,1,.,1,1,1,1,.,26,3,0,0,0,0,0,0,0,0,1,3,4,5,2,3,5,1,7,.,1,0,0,.,.,330
20,2014/04/19 00:00:00+00,2014,2145,27,1,1,3,.,2,2,84,24244,2,,0,0,0,1,.,47,1,0,0,0,0,1,1,0,0,1,2,4,4,2,3,5,1,7,.,1,1,0,3,.,331
368,2016/09/30 00:00:00+00,2016,1900,29,1,0,0,.,.,5,80,70111,1,3,1,1,1,1,.,17,2,1,0,0,0,0,0,0,0,1,2,4,5,2,3,4,1,.,.,1,1,1,7,7,332
21,2014/04/27 00:00:00+00,2014,124,28,3,0,4,.,4,2,1,27111,2,,0,0,0,1,.,19,4,0,0,0,0,0,1,0,0,1,2,4,4,2,3,5,1,7,.,1,1,0,6,.,333
369,2016/10/01 00:00:00+00,2016,1742,28,1,0,6,46.77,2,1,97,5000,3,1,1,1,1,1,.,46,1,1,0,0,0,0,0,0,0,1,2,3,4,2,3,3,1,.,.,0,1,0,10,.,334
22,2014/04/28 00:00:00+00,2014,35,30,1,0,1,.,2,2,36,27111,2,,0,0,0,1,.,39,2,0,1,0,0,0,1,0,0,4,4,4,4,2,5,5,7,.,.,1,.,0,.,.,335
370,2016/10/01 00:00:00+00,2016,1500,22,1,0,0,.,.,2,80,12000,1,3,1,1,1,1,.,19,1,0,0,0,0,0,0,0,0,1,2,4,4,2,3,3,1,.,.,1,1,0,7,.,336
23,2014/05/01 00:00:00+00,2014,2355,26,1,0,4,42.67493,7,2,12,5300,2,,1,0,0,1,.,18,1,1,0,0,0,1,0,0,0,3,4,5,5,2,3,3,1,.,.,1,1,1,4,10,337
371,2016/10/02 00:00:00+00,2016,227,25,1,0,0,46.41,7,1,1,14400,2,.,0,1,1,1,.,19,1,0,0,0,0,0,0,0,0,3,3,4,4,2,3,3,1,.,.,1,1,1,1,10,338
24,2014/05/01 00:00:00+00,2014,2355,26,1,0,4,42.67493,7,2,12,5300,2,,1,0,0,1,.,18,1,1,0,0,0,1,0,0,0,3,4,5,5,2,3,3,1,.,.,1,1,0,4,0,339
372,2016/10/06 00:00:00+00,2016,300,40,1,0,17,.,2,1,75,12000,3,.,4,1,1,1,.,28,1,0,2,1,0,0,0,0,0,1,3,4,5,2,3,4,1,.,.,1,0,1,.,10,340
25,2014/05/03 00:00:00+00,2014,228,26,1,0,4,42.67493,7,3,2,12100,2,,3,0,0,3,.,36,1,0,1,0,0,1,0,0,0,4,4,4,4,2,3,5,1,7,.,1,1,0,6,.,341
373,2016/10/06 00:00:00+00,2016,1646,25,1,0,1,.,5,1,22,23300,1,3,1,1,1,1,.,30,1,0,2,0,0,0,0,0,0,1,2,3,5,2,3,5,1,7,.,1,1,0,10,.,342
26,2014/05/05 00:00:00+00,2014,20,28,1,0,2,55.09232,2,2,80,12000,2,,2,0,0,1,.,42,1,0,1,0,0,1,0,0,0,1,2,3,3,2,3,3,1,.,.,1,1,1,1,8,343
374,2016/10/10 00:00:00+00,2016,156,22,2,0,1,43.96,7,1,12,12000,2,.,1,1,1,1,.,21,1,0,0,0,0,1,0,0,0,1,3,4,4,2,3,4,1,.,.,1,1,0,1,.,344
375,2016/10/15 00:00:00+00,2016,2101,28,1,0,2,48.89,7,9,80,12000,2,.,1,1,1,1,4,52,1,0,0,0,0,0,0,0,0,1,2,3,5,2,3,5,1,7,.,1,1,0,10,.,345
376,2016/10/22 00:00:00+00,2016,1619,25,1,0,1,41.28,2,8,1,12000,1,.,2,1,1,1,.,26,1,0,0,0,0,0,0,0,0,1,2,3,5,2,3,4,1,9,.,1,1,0,1,.,346
377,2016/10/30 00:00:00+00,2016,29,31,3,0,6,.,8,3,12,12000,2,.,2,1,1,1,.,34,3,0,0,0,0,1,0,0,0,1,3,4,5,2,3,4,1,.,.,1,1,0,1,.,347
378,2016/11/10 00:00:00+00,2016,1828,29,1,0,6,.,8,3,1,27111,1,.,2,1,1,1,.,32,1,0,0,0,0,0,1,0,0,4,3,4,4,2,3,3,1,.,.,1,1,0,1,.,348
379,2016/11/12 00:00:00+00,2016,23,26,1,0,2,41.97,2,8,1,14100,2,.,0,0,1,1,.,33,2,0,0,0,0,1,0,0,0,3,2,3,5,2,3,5,1,7,.,1,1,0,7,.,349
380,2016/11/13 00:00:00+00,2016,1315,49,1,0,19,26.57,5,2,80,12000,1,3,1,1,1,1,.,29,2,1,0,0,0,0,0,0,0,1,2,4,5,2,3,4,1,.,.,1,0,1,.,10,350
381,2016/11/22 00:00:00+00,2016,1845,28,1,0,1,44.64,7,1,80,25211,1,3,2,1,1,1,4,18,2,0,0,0,0,0,0,0,0,1,2,3,5,2,3,3,1,.,.,1,0,1,.,1,351
382,2016/11/27 00:00:00+00,2016,308,28,1,0,3,.,2,1,1,94000,2,.,2,1,1,1,.,34,2,0,0,0,0,0,0,0,0,3,2,3,5,2,3,3,1,.,.,1,0,1,.,10,352
383,2016/12/06 00:00:00+00,2016,2051,40,1,0,10,28.1,7,2,80,12000,3,.,3,0,1,1,.,18,1,0,0,0,0,0,0,0,0,1,3,4,5,2,3,5,1,7,.,1,1,0,6,.,353
384,2016/12/11 00:00:00+00,2016,500,29,1,0,6,.,6,4,80,37000,2,.,3,0,0,1,.,20,4,0,0,0,0,0,0,0,0,4,.,.,.,2,3,3,1,9,.,0,1,0,1,.,354
385,2016/12/11 00:00:00+00,2016,100,29,1,0,5,.,3,1,1,5000,2,.,0,0,0,1,.,18,4,0,0,0,0,0,0,0,0,1,3,4,4,2,3,3,1,.,.,1,0,1,.,10,355
386,2016/12/13 00:00:00+00,2016,1149,29,1,0,2,60.24,4,3,80,5000,3,1,2,1,1,1,.,18,1,0,0,0,0,0,0,0,0,1,3,4,5,2,3,5,1,7,.,1,1,0,10,.,356
387,2016/12/16 00:00:00+00,2016,34,26,1,0,0,.,.,1,1,12000,2,.,1,0,0,1,.,25,1,0,2,0,0,0,0,0,0,1,3,4,4,2,3,3,1,.,.,1,1,0,4,.,357
388,2016/12/19 00:00:00+00,2016,1720,28,1,0,1,34.27,7,5,80,5000,2,3,1,1,1,1,3,41,4,0,0,0,0,0,0,0,0,1,3,4,5,2,3,5,1,7,.,0,0,0,.,.,358
389,2016/12/21 00:00:00+00,2016,1535,30,1,0,2,32.15,5,4,80,12000,1,3,1,0,0,1,4,23,1,0,1,2,0,0,0,0,0,1,3,4,5,2,3,5,1,7,.,1,1,0,6,.,359
390,2016/12/23 00:00:00+00,2016,225,26,1,1,1,35.18,2,3,36,12000,2,.,1,0,0,1,.,18,1,0,0,0,0,0,0,0,0,1,3,4,5,2,3,5,1,7,.,1,0,0,.,.,360
391,2016/12/24 00:00:00+00,2016,1330,40,1,0,15,47.39,5,10,80,70111,1,.,0,1,0,1,.,37,4,1,6,0,0,0,0,0,0,1,3,4,5,2,3,4,1,.,.,1,0,1,.,10,361
27,2014/05/05 00:00:00+00,2014,20,24,1,0,2,.,2,2,80,12000,2,,2,0,0,1,.,42,1,0,1,0,0,1,0,0,0,1,2,3,3,2,3,3,1,.,.,1,1,0,1,.,362
28,2014/05/10 00:00:00+00,2014,725,30,1,0,7,20.89802,2,1,1,12000,1,,1,0,0,3,.,54,1,0,1,2,3,0,0,0,0,2,2,4,4,2,3,3,1,.,.,1,1,1,6,10,363
29,2014/05/21 00:00:00+00,2014,2045,37,1,0,12,.,8,3,10,27111,1,,1,0,0,1,.,41,1,0,1,0,0,0,1,0,0,4,4,4,4,2,3,3,1,.,.,1,2,0,4,.,364
30,2014/05/21 00:00:00+00,2014,2045,37,1,0,8,.,8,3,10,27111,1,,1,0,0,1,.,41,1,0,1,0,0,0,1,0,0,4,4,4,4,2,3,3,1,.,.,1,2,0,4,.,365
31,2014/05/21 00:00:00+00,2014,2045,27,1,0,6,.,8,3,10,27111,1,,1,0,0,1,.,41,1,0,1,0,0,0,1,0,0,4,4,4,4,2,3,3,1,.,.,1,2,0,4,.,366
32,2014/05/29 00:00:00+00,2014,2120,34,1,0,8,35.21774,4,2,97,12000,1,,0,0,0,1,.,39,1,0,1,0,0,0,0,1,0,1,4,5,5,2,3,3,1,.,.,0,1,3,1,6,367
33,2014/05/30 00:00:00+00,2014,2130,38,1,0,14,.,4,4,1,94555,2,,1,0,0,1,.,57,2,0,1,0,0,1,0,0,0,2,2,4,4,2,3,3,1,.,.,1,0,1,.,1,368
34,2014/06/05 00:00:00+00,2014,327,37,1,0,14,.,2,5,86,37000,2,,0,0,0,1,4,23,1,0,0,0,0,0,0,0,0,4,4,4,4,2,3,3,1,.,.,1,1,1,1,7,369
35,2014/06/05 00:00:00+00,2014,1945,24,1,0,1,50.68338,7,4,36,56466,3,,0,0,0,1,.,48,1,1,0,0,0,1,0,0,0,1,4,5,5,2,3,3,1,.,.,1,1,0,7,.,370
36,2014/06/07 00:00:00+00,2014,544,55,1,0,23,24.44799,7,2,24,12000,2,,2,0,0,1,.,29,1,0,0,0,0,1,0,0,0,1,2,4,5,2,3,3,1,.,.,1,1,1,1,6,371
37,2014/06/07 00:00:00+00,2014,119,28,1,0,2,55.09232,2,2,12,3121,2,,0,0,1,1,.,27,1,0,0,0,0,1,0,0,0,1,4,4,4,2,3,3,1,.,.,1,1,0,1,.,372
38,2014/06/14 00:00:00+00,2014,40,30,1,0,6,34.63476,5,1,1,14100,2,,1,0,0,1,.,23,1,0,0,0,0,1,0,0,0,2,4,4,4,2,3,3,1,.,.,1,1,1,7,4,373
39,2014/06/17 00:00:00+00,2014,2015,31,1,0,4,32.05,2,2,80,5000,2,,1,0,0,1,.,30,1,0,1,0,0,0,1,0,0,4,2,4,4,2,3,3,1,.,.,1,0,1,.,10,374
40,2014/06/18 00:00:00+00,2014,1646,35,1,0,5,24.35974,5,1,75,5300,3,,1,0,0,1,.,14,2,0,0,0,0,0,0,0,0,1,2,4,5,2,3,5,1,7,.,1,0,1,.,5,375
41,2014/06/24 00:00:00+00,2014,128,28,1,1,6,29.33451,2,4,1,8111,2,,0,1,1,3,.,39,1,0,1,0,0,0,0,0,0,2,2,4,4,2,3,3,1,.,.,1,1,0,6,.,376
42,2014/06/24 00:00:00+00,2014,128,33,1,0,6,.,7,4,1,8111,2,,0,1,1,3,.,39,1,0,1,0,0,0,0,0,0,2,2,4,4,2,3,3,1,.,.,1,1,0,6,.,377
43,2014/06/24 00:00:00+00,2014,128,26,1,0,2,35.32273,2,4,1,8111,2,,0,1,1,3,.,39,1,0,1,0,0,0,0,0,0,2,2,4,4,2,3,3,1,.,.,1,1,0,6,.,378
44,2014/06/24 00:00:00+00,2014,128,26,1,0,1,85.18547,5,4,1,8111,2,,0,1,1,3,.,39,1,0,1,0,0,0,0,0,0,2,2,4,4,2,3,3,1,.,.,1,1,0,6,.,379
45,2014/06/26 00:00:00+00,2014,1010,48,1,1,27,38.31693,4,3,84,5300,1,,0,0,0,1,.,51,2,0,0,0,0,1,0,0,0,4,4,4,4,2,3,3,1,.,.,1,1,1,7,5,380
46,2014/06/26 00:00:00+00,2014,1010,39,1,0,17,19.26982,7,3,84,5300,1,,0,0,0,1,.,51,2,0,0,0,0,1,0,0,0,4,4,4,4,2,3,3,1,.,.,1,1,1,7,5,381
47,2014/06/26 00:00:00+00,2014,1323,37,1,0,11,33.2386,5,1,3,21000,1,,0,0,0,1,.,14,2,0,0,0,0,0,0,0,0,4,4,5,5,2,3,3,1,.,.,1,0,1,.,6,382
48,2014/06/30 00:00:00+00,2014,2120,27,1,1,3,.,2,2,3,5300,2,,1,0,0,1,.,32,4,0,0,0,0,0,0,0,0,1,2,4,5,2,3,3,1,.,.,1,0,1,.,5,383
49,2014/07/05 00:00:00+00,2014,1619,38,1,0,8,44.60044,4,2,3,12000,1,,0,0,0,1,.,44,1,0,0,0,0,0,0,1,0,1,4,4,4,2,3,3,1,.,.,0,0,0,.,.,384
50,2014/07/08 00:00:00+00,2014,1100,53,1,0,.,.,2,5,84,13000,1,,0,1,1,1,.,34,2,0,0,0,0,0,1,0,0,1,4,5,5,2,3,5,1,7,.,1,1,1,9,.,385
51,2014/07/08 00:00:00+00,2014,1100,38,1,0,9,24.31907,2,5,84,13000,1,,0,1,1,1,.,34,2,0,0,0,0,0,1,0,0,1,4,5,5,2,3,5,1,7,.,1,1,1,9,.,386
52,2014/07/08 00:00:00+00,2014,1100,25,1,0,0,.,2,5,84,13000,1,,0,1,1,1,.,34,2,0,0,0,0,0,1,0,0,1,4,5,5,2,3,5,1,7,.,1,1,1,9,.,387
53,2014/07/09 00:00:00+00,2014,1850,39,1,0,12,.,1,3,84,12000,1,,0,0,0,3,.,22,1,0,1,0,0,1,0,1,0,1,4,5,5,2,3,3,1,.,.,0,2,0,1,.,388
54,2014/07/14 00:00:00+00,2014,1215,26,1,0,1,.,7,3,97,56366,3,,1,0,0,1,.,33,6,1,0,0,0,0,0,1,1,4,4,4,4,2,3,3,1,.,.,0,0,1,.,6,389
55,2014/07/16 00:00:00+00,2014,814,51,1,0,24,30.49533,4,1,76,12000,3,,2,0,0,1,5,32,1,0,1,0,0,0,0,1,0,1,2,4,6,2,3,5,1,7,.,0,1,0,3,.,390
56,2014/07/16 00:00:00+00,2014,327,34,1,1,3,41.24846,5,2,12,24244,2,,0,0,0,1,.,53,1,0,1,0,0,1,0,0,0,1,2,4,5,2,3,4,1,.,.,0,0,0,.,.,391
